[{"model": "sites.site", "pk": 1, "fields": {"domain": "boubyan.bankboubyan.com/", "name": "bankboubyan.com"}}, {"model": "contenttypes.contenttype", "pk": 1, "fields": {"app_label": "cms", "model": "placeholder"}}, {"model": "contenttypes.contenttype", "pk": 2, "fields": {"app_label": "cms", "model": "page"}}, {"model": "contenttypes.contenttype", "pk": 3, "fields": {"app_label": "sites", "model": "site"}}, {"model": "contenttypes.contenttype", "pk": 4, "fields": {"app_label": "admin", "model": "logentry"}}, {"model": "contenttypes.contenttype", "pk": 5, "fields": {"app_label": "auth", "model": "permission"}}, {"model": "contenttypes.contenttype", "pk": 6, "fields": {"app_label": "auth", "model": "group"}}, {"model": "contenttypes.contenttype", "pk": 7, "fields": {"app_label": "auth", "model": "user"}}, {"model": "contenttypes.contenttype", "pk": 8, "fields": {"app_label": "contenttypes", "model": "contenttype"}}, {"model": "contenttypes.contenttype", "pk": 9, "fields": {"app_label": "sessions", "model": "session"}}, {"model": "contenttypes.contenttype", "pk": 10, "fields": {"app_label": "cms", "model": "cmsplugin"}}, {"model": "contenttypes.contenttype", "pk": 11, "fields": {"app_label": "cms", "model": "aliaspluginmodel"}}, {"model": "contenttypes.contenttype", "pk": 12, "fields": {"app_label": "cms", "model": "globalpagepermission"}}, {"model": "contenttypes.contenttype", "pk": 13, "fields": {"app_label": "cms", "model": "pagepermission"}}, {"model": "contenttypes.contenttype", "pk": 14, "fields": {"app_label": "cms", "model": "pageuser"}}, {"model": "contenttypes.contenttype", "pk": 15, "fields": {"app_label": "cms", "model": "pageusergroup"}}, {"model": "contenttypes.contenttype", "pk": 16, "fields": {"app_label": "cms", "model": "placeholderreference"}}, {"model": "contenttypes.contenttype", "pk": 17, "fields": {"app_label": "cms", "model": "staticplaceholder"}}, {"model": "contenttypes.contenttype", "pk": 18, "fields": {"app_label": "cms", "model": "title"}}, {"model": "contenttypes.contenttype", "pk": 19, "fields": {"app_label": "cms", "model": "usersettings"}}, {"model": "contenttypes.contenttype", "pk": 20, "fields": {"app_label": "cms", "model": "urlconfrevision"}}, {"model": "contenttypes.contenttype", "pk": 21, "fields": {"app_label": "cms", "model": "pagetype"}}, {"model": "contenttypes.contenttype", "pk": 22, "fields": {"app_label": "cms", "model": "treenode"}}, {"model": "contenttypes.contenttype", "pk": 23, "fields": {"app_label": "menus", "model": "cachekey"}}, {"model": "contenttypes.contenttype", "pk": 24, "fields": {"app_label": "filer", "model": "clipboard"}}, {"model": "contenttypes.contenttype", "pk": 25, "fields": {"app_label": "filer", "model": "clipboarditem"}}, {"model": "contenttypes.contenttype", "pk": 26, "fields": {"app_label": "filer", "model": "file"}}, {"model": "contenttypes.contenttype", "pk": 27, "fields": {"app_label": "filer", "model": "folder"}}, {"model": "contenttypes.contenttype", "pk": 28, "fields": {"app_label": "filer", "model": "folderpermission"}}, {"model": "contenttypes.contenttype", "pk": 29, "fields": {"app_label": "filer", "model": "image"}}, {"model": "contenttypes.contenttype", "pk": 30, "fields": {"app_label": "filer", "model": "thumbnailoption"}}, {"model": "contenttypes.contenttype", "pk": 31, "fields": {"app_label": "easy_thumbnails", "model": "source"}}, {"model": "contenttypes.contenttype", "pk": 32, "fields": {"app_label": "easy_thumbnails", "model": "thumbnail"}}, {"model": "contenttypes.contenttype", "pk": 33, "fields": {"app_label": "easy_thumbnails", "model": "thumbnaildimensions"}}, {"model": "contenttypes.contenttype", "pk": 34, "fields": {"app_label": "djangocms_text_ckeditor", "model": "text"}}, {"model": "contenttypes.contenttype", "pk": 35, "fields": {"app_label": "djangocms_link", "model": "link"}}, {"model": "contenttypes.contenttype", "pk": 36, "fields": {"app_label": "djangocms_file", "model": "file"}}, {"model": "contenttypes.contenttype", "pk": 37, "fields": {"app_label": "djangocms_file", "model": "folder"}}, {"model": "contenttypes.contenttype", "pk": 38, "fields": {"app_label": "djangocms_picture", "model": "picture"}}, {"model": "contenttypes.contenttype", "pk": 39, "fields": {"app_label": "djangocms_video", "model": "videoplayer"}}, {"model": "contenttypes.contenttype", "pk": 40, "fields": {"app_label": "djangocms_video", "model": "videosource"}}, {"model": "contenttypes.contenttype", "pk": 41, "fields": {"app_label": "djangocms_video", "model": "videotrack"}}, {"model": "contenttypes.contenttype", "pk": 42, "fields": {"app_label": "djangocms_googlemap", "model": "googlemap"}}, {"model": "contenttypes.contenttype", "pk": 43, "fields": {"app_label": "djangocms_googlemap", "model": "googlemapmarker"}}, {"model": "contenttypes.contenttype", "pk": 44, "fields": {"app_label": "djangocms_googlemap", "model": "googlemaproute"}}, {"model": "contenttypes.contenttype", "pk": 45, "fields": {"app_label": "djangocms_snippet", "model": "snippet"}}, {"model": "contenttypes.contenttype", "pk": 46, "fields": {"app_label": "djangocms_snippet", "model": "snippetptr"}}, {"model": "contenttypes.contenttype", "pk": 47, "fields": {"app_label": "djangocms_style", "model": "style"}}, {"model": "contenttypes.contenttype", "pk": 48, "fields": {"app_label": "djangocms_icon", "model": "icon"}}, {"model": "contenttypes.contenttype", "pk": 49, "fields": {"app_label": "bootstrap4_alerts", "model": "bootstrap4alerts"}}, {"model": "contenttypes.contenttype", "pk": 50, "fields": {"app_label": "bootstrap4_badge", "model": "bootstrap4badge"}}, {"model": "contenttypes.contenttype", "pk": 51, "fields": {"app_label": "bootstrap4_card", "model": "bootstrap4card"}}, {"model": "contenttypes.contenttype", "pk": 52, "fields": {"app_label": "bootstrap4_card", "model": "bootstrap4cardinner"}}, {"model": "contenttypes.contenttype", "pk": 53, "fields": {"app_label": "bootstrap4_carousel", "model": "bootstrap4carousel"}}, {"model": "contenttypes.contenttype", "pk": 54, "fields": {"app_label": "bootstrap4_carousel", "model": "bootstrap4carouselslide"}}, {"model": "contenttypes.contenttype", "pk": 55, "fields": {"app_label": "bootstrap4_collapse", "model": "bootstrap4collapse"}}, {"model": "contenttypes.contenttype", "pk": 56, "fields": {"app_label": "bootstrap4_collapse", "model": "bootstrap4collapsecontainer"}}, {"model": "contenttypes.contenttype", "pk": 57, "fields": {"app_label": "bootstrap4_collapse", "model": "bootstrap4collapsetrigger"}}, {"model": "contenttypes.contenttype", "pk": 58, "fields": {"app_label": "bootstrap4_content", "model": "bootstrap4blockquote"}}, {"model": "contenttypes.contenttype", "pk": 59, "fields": {"app_label": "bootstrap4_content", "model": "bootstrap4code"}}, {"model": "contenttypes.contenttype", "pk": 60, "fields": {"app_label": "bootstrap4_content", "model": "bootstrap4figure"}}, {"model": "contenttypes.contenttype", "pk": 61, "fields": {"app_label": "bootstrap4_grid", "model": "bootstrap4gridcolumn"}}, {"model": "contenttypes.contenttype", "pk": 62, "fields": {"app_label": "bootstrap4_grid", "model": "bootstrap4gridcontainer"}}, {"model": "contenttypes.contenttype", "pk": 63, "fields": {"app_label": "bootstrap4_grid", "model": "bootstrap4gridrow"}}, {"model": "contenttypes.contenttype", "pk": 64, "fields": {"app_label": "bootstrap4_jumbotron", "model": "bootstrap4jumbotron"}}, {"model": "contenttypes.contenttype", "pk": 65, "fields": {"app_label": "bootstrap4_link", "model": "bootstrap4link"}}, {"model": "contenttypes.contenttype", "pk": 66, "fields": {"app_label": "bootstrap4_listgroup", "model": "bootstrap4listgroup"}}, {"model": "contenttypes.contenttype", "pk": 67, "fields": {"app_label": "bootstrap4_listgroup", "model": "bootstrap4listgroupitem"}}, {"model": "contenttypes.contenttype", "pk": 68, "fields": {"app_label": "bootstrap4_media", "model": "bootstrap4media"}}, {"model": "contenttypes.contenttype", "pk": 69, "fields": {"app_label": "bootstrap4_media", "model": "bootstrap4mediabody"}}, {"model": "contenttypes.contenttype", "pk": 70, "fields": {"app_label": "bootstrap4_picture", "model": "bootstrap4picture"}}, {"model": "contenttypes.contenttype", "pk": 71, "fields": {"app_label": "bootstrap4_tabs", "model": "bootstrap4tab"}}, {"model": "contenttypes.contenttype", "pk": 72, "fields": {"app_label": "bootstrap4_tabs", "model": "bootstrap4tabitem"}}, {"model": "contenttypes.contenttype", "pk": 73, "fields": {"app_label": "bootstrap4_utilities", "model": "bootstrap4spacing"}}, {"model": "sessions.session", "pk": "emorb15fhrq6qjyluni8fn63x4a13mw1", "fields": {"session_data": "MGFiMTk3YzE5ODc5MjRlN2ZkMWViZWIzMTlmMjVmYzdiYjM3OGUzYTp7Il9hdXRoX3VzZXJfaWQiOiIxIiwiX2F1dGhfdXNlcl9iYWNrZW5kIjoiZGphbmdvLmNvbnRyaWIuYXV0aC5iYWNrZW5kcy5Nb2RlbEJhY2tlbmQiLCJfYXV0aF91c2VyX2hhc2giOiJkMzNiMmQwODdhMmU1ZjM3Yzg1N2E2ZWJhMGI0MmE1MzU2ZmViYzgzIiwid2l6YXJkX3dpemFyZF9jcmVhdGVfdmlldyI6eyJzdGVwIjpudWxsLCJzdGVwX2RhdGEiOnt9LCJzdGVwX2ZpbGVzIjp7fSwiZXh0cmFfZGF0YSI6e319LCJjbXNfdG9vbGJhcl9kaXNhYmxlZCI6ZmFsc2UsImNtc19lZGl0IjpmYWxzZSwiY21zX3ByZXZpZXciOnRydWUsImZpbGVyX2xhc3RfZm9sZGVyX2lkIjoiMSJ9", "expire_date": "2021-12-20T00:06:59.434Z"}}, {"model": "sessions.session", "pk": "nnjce61b54shrypfzla59n2hep0ecdhv", "fields": {"session_data": "OTE4MzFkODlkOGJlNTg1ZTY2NjkzZDY0MWIyNmNiNDBiMmFmOTQ0ODp7ImNtc190b29sYmFyX2Rpc2FibGVkIjpmYWxzZSwiY21zX2VkaXQiOnRydWUsImNtc19wcmV2aWV3IjpmYWxzZX0=", "expire_date": "2021-12-20T11:56:02.266Z"}}, {"model": "sessions.session", "pk": "udv0s5bl77g3po2daecnesjp752xo6xo", "fields": {"session_data": "MjBiNjBkNzVjZTkyNmM4Mzg2OWRlNmY2ZjIzZTJjM2Y3YjRlMGI2OTp7Il9hdXRoX3VzZXJfaWQiOiIxIiwiX2F1dGhfdXNlcl9iYWNrZW5kIjoiZGphbmdvLmNvbnRyaWIuYXV0aC5iYWNrZW5kcy5Nb2RlbEJhY2tlbmQiLCJfYXV0aF91c2VyX2hhc2giOiJkMzNiMmQwODdhMmU1ZjM3Yzg1N2E2ZWJhMGI0MmE1MzU2ZmViYzgzIiwiY21zX3Rvb2xiYXJfZGlzYWJsZWQiOmZhbHNlLCJjbXNfZWRpdCI6ZmFsc2UsImNtc19wcmV2aWV3Ijp0cnVlfQ==", "expire_date": "2021-12-20T14:05:35.328Z"}}, {"model": "cms.treenode", "pk": 1, "fields": {"path": "0001", "depth": 1, "numchild": 0, "parent": null, "site": 1}}, {"model": "cms.treenode", "pk": 2, "fields": {"path": "0002", "depth": 1, "numchild": 3, "parent": null, "site": 1}}, {"model": "cms.treenode", "pk": 4, "fields": {"path": "00020001", "depth": 2, "numchild": 0, "parent": 2, "site": 1}}, {"model": "cms.treenode", "pk": 8, "fields": {"path": "00020002", "depth": 2, "numchild": 0, "parent": 2, "site": 1}}, {"model": "cms.treenode", "pk": 9, "fields": {"path": "0003", "depth": 1, "numchild": 0, "parent": null, "site": 1}}, {"model": "cms.treenode", "pk": 11, "fields": {"path": "0004", "depth": 1, "numchild": 0, "parent": null, "site": 1}}, {"model": "cms.treenode", "pk": 12, "fields": {"path": "00020003", "depth": 2, "numchild": 0, "parent": 2, "site": 1}}, {"model": "cms.page", "pk": 1, "fields": {"created_by": "abdallah", "changed_by": "abdallah", "creation_date": "2021-12-04T23:28:20.282Z", "changed_date": "2021-12-06T11:27:51.839Z", "publication_date": "2021-12-04T23:28:20.411Z", "publication_end_date": null, "in_navigation": true, "soft_root": false, "reverse_id": null, "navigation_extenders": null, "template": "home.html", "login_required": false, "limit_visibility_in_menu": null, "is_home": true, "application_urls": "", "application_namespace": null, "publisher_is_draft": true, "publisher_public": 2, "languages": "en", "xframe_options": 0, "is_page_type": false, "node": 1, "placeholders": [2, 6, 14, 35]}}, {"model": "cms.page", "pk": 2, "fields": {"created_by": "abdallah", "changed_by": "abdallah", "creation_date": "2021-12-04T23:28:20.413Z", "changed_date": "2021-12-06T14:00:43.034Z", "publication_date": "2021-12-04T23:28:20.411Z", "publication_end_date": null, "in_navigation": true, "soft_root": false, "reverse_id": null, "navigation_extenders": null, "template": "home.html", "login_required": false, "limit_visibility_in_menu": null, "is_home": true, "application_urls": "", "application_namespace": null, "publisher_is_draft": false, "publisher_public": 1, "languages": "en", "xframe_options": 0, "is_page_type": false, "node": 1, "placeholders": [3, 27, 28, 38]}}, {"model": "cms.page", "pk": 3, "fields": {"created_by": "abdallah", "changed_by": "abdallah", "creation_date": "2021-12-05T12:04:00.356Z", "changed_date": "2021-12-05T12:04:00.356Z", "publication_date": null, "publication_end_date": null, "in_navigation": false, "soft_root": false, "reverse_id": null, "navigation_extenders": null, "template": "INHERIT", "login_required": false, "limit_visibility_in_menu": null, "is_home": false, "application_urls": null, "application_namespace": null, "publisher_is_draft": true, "publisher_public": null, "languages": "en", "xframe_options": 0, "is_page_type": true, "node": 2, "placeholders": []}}, {"model": "cms.page", "pk": 5, "fields": {"created_by": "abdallah", "changed_by": "abdallah", "creation_date": "2021-12-05T12:27:14.326Z", "changed_date": "2021-12-06T11:53:14.675Z", "publication_date": null, "publication_end_date": null, "in_navigation": false, "soft_root": false, "reverse_id": null, "navigation_extenders": null, "template": "home.html", "login_required": false, "limit_visibility_in_menu": null, "is_home": false, "application_urls": "", "application_namespace": null, "publisher_is_draft": true, "publisher_public": null, "languages": "en", "xframe_options": 0, "is_page_type": true, "node": 4, "placeholders": [8, 15, 16]}}, {"model": "cms.page", "pk": 9, "fields": {"created_by": "abdallah", "changed_by": "abdallah", "creation_date": "2021-12-05T14:44:49.003Z", "changed_date": "2021-12-06T11:53:16.730Z", "publication_date": null, "publication_end_date": null, "in_navigation": false, "soft_root": false, "reverse_id": null, "navigation_extenders": null, "template": "service.html", "login_required": false, "limit_visibility_in_menu": null, "is_home": false, "application_urls": "", "application_namespace": null, "publisher_is_draft": true, "publisher_public": null, "languages": "en", "xframe_options": 0, "is_page_type": true, "node": 8, "placeholders": [19, 26]}}, {"model": "cms.page", "pk": 10, "fields": {"created_by": "abdallah", "changed_by": "abdallah", "creation_date": "2021-12-05T15:48:17.618Z", "changed_date": "2021-12-06T11:29:14.286Z", "publication_date": "2021-12-05T15:49:10.213Z", "publication_end_date": null, "in_navigation": true, "soft_root": false, "reverse_id": null, "navigation_extenders": null, "template": "service.html", "login_required": false, "limit_visibility_in_menu": null, "is_home": false, "application_urls": "", "application_namespace": null, "publisher_is_draft": true, "publisher_public": 11, "languages": "en", "xframe_options": 0, "is_page_type": false, "node": 9, "placeholders": [20, 22, 40]}}, {"model": "cms.page", "pk": 11, "fields": {"created_by": "abdallah", "changed_by": "abdallah", "creation_date": "2021-12-05T15:49:10.216Z", "changed_date": "2021-12-06T12:35:08.870Z", "publication_date": "2021-12-05T15:49:10.213Z", "publication_end_date": null, "in_navigation": true, "soft_root": false, "reverse_id": null, "navigation_extenders": null, "template": "service.html", "login_required": false, "limit_visibility_in_menu": null, "is_home": false, "application_urls": "", "application_namespace": null, "publisher_is_draft": false, "publisher_public": 10, "languages": "en", "xframe_options": 0, "is_page_type": false, "node": 9, "placeholders": [21, 23, 39]}}, {"model": "cms.page", "pk": 13, "fields": {"created_by": "abdallah", "changed_by": "abdallah", "creation_date": "2021-12-05T23:18:49.260Z", "changed_date": "2021-12-06T11:30:22.810Z", "publication_date": "2021-12-05T23:21:55.897Z", "publication_end_date": null, "in_navigation": true, "soft_root": false, "reverse_id": null, "navigation_extenders": null, "template": "map.html", "login_required": false, "limit_visibility_in_menu": null, "is_home": false, "application_urls": "", "application_namespace": null, "publisher_is_draft": true, "publisher_public": 14, "languages": "en", "xframe_options": 0, "is_page_type": false, "node": 11, "placeholders": [29, 31, 42]}}, {"model": "cms.page", "pk": 14, "fields": {"created_by": "abdallah", "changed_by": "abdallah", "creation_date": "2021-12-05T23:21:55.898Z", "changed_date": "2021-12-06T14:05:32.730Z", "publication_date": "2021-12-05T23:21:55.897Z", "publication_end_date": null, "in_navigation": true, "soft_root": false, "reverse_id": null, "navigation_extenders": null, "template": "map.html", "login_required": false, "limit_visibility_in_menu": null, "is_home": false, "application_urls": "", "application_namespace": null, "publisher_is_draft": false, "publisher_public": 13, "languages": "en", "xframe_options": 0, "is_page_type": false, "node": 11, "placeholders": [30, 32, 41]}}, {"model": "cms.page", "pk": 15, "fields": {"created_by": "abdallah", "changed_by": "abdallah", "creation_date": "2021-12-05T23:56:14.798Z", "changed_date": "2021-12-06T11:53:12.202Z", "publication_date": null, "publication_end_date": null, "in_navigation": false, "soft_root": false, "reverse_id": null, "navigation_extenders": null, "template": "map.html", "login_required": false, "limit_visibility_in_menu": null, "is_home": false, "application_urls": "", "application_namespace": null, "publisher_is_draft": true, "publisher_public": null, "languages": "en", "xframe_options": 0, "is_page_type": true, "node": 12, "placeholders": [33, 34]}}, {"model": "cms.placeholder", "pk": 1, "fields": {"slot": "clipboard", "default_width": null}}, {"model": "cms.placeholder", "pk": 2, "fields": {"slot": "navbar", "default_width": null}}, {"model": "cms.placeholder", "pk": 3, "fields": {"slot": "navbar", "default_width": null}}, {"model": "cms.placeholder", "pk": 4, "fields": {"slot": "Footer", "default_width": null}}, {"model": "cms.placeholder", "pk": 5, "fields": {"slot": "Footer", "default_width": null}}, {"model": "cms.placeholder", "pk": 6, "fields": {"slot": "content", "default_width": null}}, {"model": "cms.placeholder", "pk": 8, "fields": {"slot": "navbar", "default_width": null}}, {"model": "cms.placeholder", "pk": 14, "fields": {"slot": "service", "default_width": null}}, {"model": "cms.placeholder", "pk": 15, "fields": {"slot": "content", "default_width": null}}, {"model": "cms.placeholder", "pk": 16, "fields": {"slot": "service", "default_width": null}}, {"model": "cms.placeholder", "pk": 19, "fields": {"slot": "navbar", "default_width": null}}, {"model": "cms.placeholder", "pk": 20, "fields": {"slot": "navbar", "default_width": null}}, {"model": "cms.placeholder", "pk": 21, "fields": {"slot": "navbar", "default_width": null}}, {"model": "cms.placeholder", "pk": 22, "fields": {"slot": "service", "default_width": null}}, {"model": "cms.placeholder", "pk": 23, "fields": {"slot": "service", "default_width": null}}, {"model": "cms.placeholder", "pk": 26, "fields": {"slot": "service", "default_width": null}}, {"model": "cms.placeholder", "pk": 27, "fields": {"slot": "content", "default_width": null}}, {"model": "cms.placeholder", "pk": 28, "fields": {"slot": "service", "default_width": null}}, {"model": "cms.placeholder", "pk": 29, "fields": {"slot": "navbar", "default_width": null}}, {"model": "cms.placeholder", "pk": 30, "fields": {"slot": "navbar", "default_width": null}}, {"model": "cms.placeholder", "pk": 31, "fields": {"slot": "map", "default_width": null}}, {"model": "cms.placeholder", "pk": 32, "fields": {"slot": "map", "default_width": null}}, {"model": "cms.placeholder", "pk": 33, "fields": {"slot": "navbar", "default_width": null}}, {"model": "cms.placeholder", "pk": 34, "fields": {"slot": "map", "default_width": null}}, {"model": "cms.placeholder", "pk": 35, "fields": {"slot": "Footer_content", "default_width": null}}, {"model": "cms.placeholder", "pk": 36, "fields": {"slot": "Footer", "default_width": null}}, {"model": "cms.placeholder", "pk": 37, "fields": {"slot": "Footer", "default_width": null}}, {"model": "cms.placeholder", "pk": 38, "fields": {"slot": "Footer_content", "default_width": null}}, {"model": "cms.placeholder", "pk": 39, "fields": {"slot": "Footer_content", "default_width": null}}, {"model": "cms.placeholder", "pk": 40, "fields": {"slot": "Footer_content", "default_width": null}}, {"model": "cms.placeholder", "pk": 41, "fields": {"slot": "Footer_content", "default_width": null}}, {"model": "cms.placeholder", "pk": 42, "fields": {"slot": "Footer_content", "default_width": null}}, {"model": "cms.cmsplugin", "pk": 2, "fields": {"path": "0002", "depth": 1, "numchild": 1, "placeholder": 4, "parent": null, "position": 0, "language": "en", "plugin_type": "StylePlugin", "creation_date": "2021-12-04T23:30:38.876Z", "changed_date": "2021-12-06T12:18:10.868Z"}}, {"model": "cms.cmsplugin", "pk": 3, "fields": {"path": "00020001", "depth": 2, "numchild": 1, "placeholder": 4, "parent": 2, "position": 0, "language": "en", "plugin_type": "Bootstrap4GridRowPlugin", "creation_date": "2021-12-05T10:13:07.131Z", "changed_date": "2021-12-05T21:32:02.099Z"}}, {"model": "cms.cmsplugin", "pk": 4, "fields": {"path": "000200010001", "depth": 3, "numchild": 2, "placeholder": 4, "parent": 3, "position": 0, "language": "en", "plugin_type": "Bootstrap4GridColumnPlugin", "creation_date": "2021-12-05T10:13:07.508Z", "changed_date": "2021-12-06T12:21:03.711Z"}}, {"model": "cms.cmsplugin", "pk": 5, "fields": {"path": "0002000100010001", "depth": 4, "numchild": 0, "placeholder": 4, "parent": 4, "position": 0, "language": "en", "plugin_type": "TextPlugin", "creation_date": "2021-12-05T10:15:02.723Z", "changed_date": "2021-12-06T12:20:32.533Z"}}, {"model": "cms.cmsplugin", "pk": 6, "fields": {"path": "0003", "depth": 1, "numchild": 1, "placeholder": 6, "parent": null, "position": 2, "language": "en", "plugin_type": "StylePlugin", "creation_date": "2021-12-05T10:26:38.625Z", "changed_date": "2021-12-06T12:17:37.968Z"}}, {"model": "cms.cmsplugin", "pk": 7, "fields": {"path": "00070001", "depth": 2, "numchild": 1, "placeholder": 6, "parent": 84, "position": 0, "language": "en", "plugin_type": "Bootstrap4GridRowPlugin", "creation_date": "2021-12-05T10:27:26.917Z", "changed_date": "2021-12-05T11:27:42.466Z"}}, {"model": "cms.cmsplugin", "pk": 8, "fields": {"path": "000700010001", "depth": 3, "numchild": 1, "placeholder": 6, "parent": 7, "position": 0, "language": "en", "plugin_type": "Bootstrap4GridColumnPlugin", "creation_date": "2021-12-05T10:27:27.065Z", "changed_date": "2021-12-05T22:19:04.054Z"}}, {"model": "cms.cmsplugin", "pk": 9, "fields": {"path": "0007000100010001", "depth": 4, "numchild": 0, "placeholder": 6, "parent": 8, "position": 0, "language": "en", "plugin_type": "TextPlugin", "creation_date": "2021-12-05T10:28:30.898Z", "changed_date": "2021-12-05T21:50:29.366Z"}}, {"model": "cms.cmsplugin", "pk": 10, "fields": {"path": "00030002", "depth": 2, "numchild": 3, "placeholder": 6, "parent": 6, "position": 1, "language": "en", "plugin_type": "Bootstrap4GridRowPlugin", "creation_date": "2021-12-05T10:36:17.252Z", "changed_date": "2021-12-05T22:48:28.180Z"}}, {"model": "cms.cmsplugin", "pk": 11, "fields": {"path": "000300020001", "depth": 3, "numchild": 2, "placeholder": 6, "parent": 10, "position": 0, "language": "en", "plugin_type": "Bootstrap4GridColumnPlugin", "creation_date": "2021-12-05T10:36:17.706Z", "changed_date": "2021-12-05T22:47:39.018Z"}}, {"model": "cms.cmsplugin", "pk": 14, "fields": {"path": "0003000200010001", "depth": 4, "numchild": 2, "placeholder": 6, "parent": 11, "position": 0, "language": "en", "plugin_type": "Bootstrap4CardPlugin", "creation_date": "2021-12-05T10:42:33.396Z", "changed_date": "2021-12-05T10:56:17.726Z"}}, {"model": "cms.cmsplugin", "pk": 16, "fields": {"path": "00030002000100010001", "depth": 5, "numchild": 1, "placeholder": 6, "parent": 14, "position": 0, "language": "en", "plugin_type": "Bootstrap4CardInnerPlugin", "creation_date": "2021-12-05T10:46:07.332Z", "changed_date": "2021-12-05T22:34:36.226Z"}}, {"model": "cms.cmsplugin", "pk": 19, "fields": {"path": "000300020001000100010001", "depth": 6, "numchild": 0, "placeholder": 6, "parent": 16, "position": 0, "language": "en", "plugin_type": "Bootstrap4PicturePlugin", "creation_date": "2021-12-05T10:50:09.842Z", "changed_date": "2021-12-06T11:24:29.659Z"}}, {"model": "cms.cmsplugin", "pk": 20, "fields": {"path": "00030002000100010002", "depth": 5, "numchild": 1, "placeholder": 6, "parent": 14, "position": 1, "language": "en", "plugin_type": "Bootstrap4CardInnerPlugin", "creation_date": "2021-12-05T10:56:44.166Z", "changed_date": "2021-12-05T10:56:44.179Z"}}, {"model": "cms.cmsplugin", "pk": 21, "fields": {"path": "000300020001000100020001", "depth": 6, "numchild": 1, "placeholder": 6, "parent": 20, "position": 0, "language": "en", "plugin_type": "TextPlugin", "creation_date": "2021-12-05T10:56:54.161Z", "changed_date": "2021-12-05T23:51:57.973Z"}}, {"model": "cms.cmsplugin", "pk": 77, "fields": {"path": "0005", "depth": 1, "numchild": 1, "placeholder": 6, "parent": null, "position": 1, "language": "en", "plugin_type": "StylePlugin", "creation_date": "2021-12-05T11:17:09.855Z", "changed_date": "2021-12-05T11:17:09.869Z"}}, {"model": "cms.cmsplugin", "pk": 78, "fields": {"path": "00050001", "depth": 2, "numchild": 1, "placeholder": 6, "parent": 77, "position": 1, "language": "en", "plugin_type": "Bootstrap4GridRowPlugin", "creation_date": "2021-12-05T11:17:38.232Z", "changed_date": "2021-12-05T11:17:38.246Z"}}, {"model": "cms.cmsplugin", "pk": 79, "fields": {"path": "000500010001", "depth": 3, "numchild": 1, "placeholder": 6, "parent": 78, "position": 0, "language": "en", "plugin_type": "Bootstrap4GridColumnPlugin", "creation_date": "2021-12-05T11:17:38.248Z", "changed_date": "2021-12-05T11:17:38.250Z"}}, {"model": "cms.cmsplugin", "pk": 80, "fields": {"path": "0005000100010001", "depth": 4, "numchild": 4, "placeholder": 6, "parent": 79, "position": 0, "language": "en", "plugin_type": "Bootstrap4CarouselPlugin", "creation_date": "2021-12-05T11:18:21.274Z", "changed_date": "2021-12-05T11:18:21.285Z"}}, {"model": "cms.cmsplugin", "pk": 81, "fields": {"path": "00050001000100010001", "depth": 5, "numchild": 0, "placeholder": 6, "parent": 80, "position": 2, "language": "en", "plugin_type": "Bootstrap4CarouselSlidePlugin", "creation_date": "2021-12-05T11:23:11.313Z", "changed_date": "2021-12-05T11:24:25.481Z"}}, {"model": "cms.cmsplugin", "pk": 82, "fields": {"path": "00050001000100010002", "depth": 5, "numchild": 0, "placeholder": 6, "parent": 80, "position": 1, "language": "en", "plugin_type": "Bootstrap4CarouselSlidePlugin", "creation_date": "2021-12-05T11:25:28.826Z", "changed_date": "2021-12-05T11:25:28.902Z"}}, {"model": "cms.cmsplugin", "pk": 83, "fields": {"path": "00050001000100010003", "depth": 5, "numchild": 0, "placeholder": 6, "parent": 80, "position": 3, "language": "en", "plugin_type": "Bootstrap4CarouselSlidePlugin", "creation_date": "2021-12-05T11:30:34.255Z", "changed_date": "2021-12-05T11:30:34.706Z"}}, {"model": "cms.cmsplugin", "pk": 84, "fields": {"path": "0007", "depth": 1, "numchild": 1, "placeholder": 6, "parent": null, "position": 0, "language": "en", "plugin_type": "StylePlugin", "creation_date": "2021-12-05T11:38:43.280Z", "changed_date": "2021-12-05T11:56:11.909Z"}}, {"model": "cms.cmsplugin", "pk": 95, "fields": {"path": "0008", "depth": 1, "numchild": 2, "placeholder": 14, "parent": null, "position": 0, "language": "en", "plugin_type": "StylePlugin", "creation_date": "2021-12-05T13:00:37.453Z", "changed_date": "2021-12-05T13:55:25.299Z"}}, {"model": "cms.cmsplugin", "pk": 96, "fields": {"path": "00080001", "depth": 2, "numchild": 2, "placeholder": 14, "parent": 95, "position": 0, "language": "en", "plugin_type": "Bootstrap4GridRowPlugin", "creation_date": "2021-12-05T13:00:57.915Z", "changed_date": "2021-12-05T13:00:58.008Z"}}, {"model": "cms.cmsplugin", "pk": 97, "fields": {"path": "000800010001", "depth": 3, "numchild": 1, "placeholder": 14, "parent": 96, "position": 0, "language": "en", "plugin_type": "Bootstrap4GridColumnPlugin", "creation_date": "2021-12-05T13:00:58.026Z", "changed_date": "2021-12-05T13:45:43.684Z"}}, {"model": "cms.cmsplugin", "pk": 98, "fields": {"path": "000800010002", "depth": 3, "numchild": 1, "placeholder": 14, "parent": 96, "position": 1, "language": "en", "plugin_type": "Bootstrap4GridColumnPlugin", "creation_date": "2021-12-05T13:00:58.034Z", "changed_date": "2021-12-05T13:47:17.623Z"}}, {"model": "cms.cmsplugin", "pk": 100, "fields": {"path": "0008000100010002", "depth": 4, "numchild": 0, "placeholder": 14, "parent": 97, "position": 0, "language": "en", "plugin_type": "Bootstrap4PicturePlugin", "creation_date": "2021-12-05T13:02:45.244Z", "changed_date": "2021-12-05T13:43:28.519Z"}}, {"model": "cms.cmsplugin", "pk": 101, "fields": {"path": "0008000100020001", "depth": 4, "numchild": 1, "placeholder": 14, "parent": 98, "position": 0, "language": "en", "plugin_type": "TextPlugin", "creation_date": "2021-12-05T13:03:16.810Z", "changed_date": "2021-12-05T13:37:40.314Z"}}, {"model": "cms.cmsplugin", "pk": 102, "fields": {"path": "00080001000200010001", "depth": 5, "numchild": 0, "placeholder": 14, "parent": 101, "position": 0, "language": "en", "plugin_type": "Bootstrap4LinkPlugin", "creation_date": "2021-12-05T13:36:23.886Z", "changed_date": "2021-12-05T13:36:24.416Z"}}, {"model": "cms.cmsplugin", "pk": 109, "fields": {"path": "00080002", "depth": 2, "numchild": 2, "placeholder": 14, "parent": 95, "position": 1, "language": "en", "plugin_type": "Bootstrap4GridRowPlugin", "creation_date": "2021-12-05T13:00:57.915Z", "changed_date": "2021-12-05T13:48:40.219Z"}}, {"model": "cms.cmsplugin", "pk": 110, "fields": {"path": "000800020001", "depth": 3, "numchild": 1, "placeholder": 14, "parent": 109, "position": 1, "language": "en", "plugin_type": "Bootstrap4GridColumnPlugin", "creation_date": "2021-12-05T13:00:58.026Z", "changed_date": "2021-12-05T13:48:40.242Z"}}, {"model": "cms.cmsplugin", "pk": 111, "fields": {"path": "0008000200010001", "depth": 4, "numchild": 0, "placeholder": 14, "parent": 110, "position": 0, "language": "en", "plugin_type": "Bootstrap4PicturePlugin", "creation_date": "2021-12-05T13:02:45.244Z", "changed_date": "2021-12-05T13:54:05.241Z"}}, {"model": "cms.cmsplugin", "pk": 112, "fields": {"path": "000800020002", "depth": 3, "numchild": 1, "placeholder": 14, "parent": 109, "position": 0, "language": "en", "plugin_type": "Bootstrap4GridColumnPlugin", "creation_date": "2021-12-05T13:00:58.034Z", "changed_date": "2021-12-05T13:48:40.319Z"}}, {"model": "cms.cmsplugin", "pk": 113, "fields": {"path": "0008000200020001", "depth": 4, "numchild": 1, "placeholder": 14, "parent": 112, "position": 0, "language": "en", "plugin_type": "TextPlugin", "creation_date": "2021-12-05T13:03:16.810Z", "changed_date": "2021-12-05T13:53:05.534Z"}}, {"model": "cms.cmsplugin", "pk": 114, "fields": {"path": "00080002000200010001", "depth": 5, "numchild": 0, "placeholder": 14, "parent": 113, "position": 0, "language": "en", "plugin_type": "Bootstrap4LinkPlugin", "creation_date": "2021-12-05T13:36:23.886Z", "changed_date": "2021-12-05T13:48:40.373Z"}}, {"model": "cms.cmsplugin", "pk": 115, "fields": {"path": "000A", "depth": 1, "numchild": 1, "placeholder": 15, "parent": null, "position": 0, "language": "en", "plugin_type": "StylePlugin", "creation_date": "2021-12-05T14:16:59.311Z", "changed_date": "2021-12-05T14:16:59.355Z"}}, {"model": "cms.cmsplugin", "pk": 116, "fields": {"path": "000A0001", "depth": 2, "numchild": 1, "placeholder": 15, "parent": 115, "position": 0, "language": "en", "plugin_type": "Bootstrap4GridRowPlugin", "creation_date": "2021-12-05T14:17:28.431Z", "changed_date": "2021-12-05T14:19:27.777Z"}}, {"model": "cms.cmsplugin", "pk": 117, "fields": {"path": "000A00010001", "depth": 3, "numchild": 1, "placeholder": 15, "parent": 116, "position": 0, "language": "en", "plugin_type": "Bootstrap4GridColumnPlugin", "creation_date": "2021-12-05T14:17:28.610Z", "changed_date": "2021-12-05T14:17:28.623Z"}}, {"model": "cms.cmsplugin", "pk": 119, "fields": {"path": "000A000100010001", "depth": 4, "numchild": 1, "placeholder": 15, "parent": 117, "position": 0, "language": "en", "plugin_type": "Bootstrap4CarouselPlugin", "creation_date": "2021-12-05T14:18:00.178Z", "changed_date": "2021-12-05T14:18:00.210Z"}}, {"model": "cms.cmsplugin", "pk": 120, "fields": {"path": "000A0001000100010001", "depth": 5, "numchild": 0, "placeholder": 15, "parent": 119, "position": 0, "language": "en", "plugin_type": "Bootstrap4CarouselSlidePlugin", "creation_date": "2021-12-05T14:18:53.497Z", "changed_date": "2021-12-05T14:18:54.013Z"}}, {"model": "cms.cmsplugin", "pk": 136, "fields": {"path": "000E000200010001", "depth": 4, "numchild": 0, "placeholder": 22, "parent": 143, "position": 0, "language": "en", "plugin_type": "Bootstrap4PicturePlugin", "creation_date": "2021-12-05T16:21:48.410Z", "changed_date": "2021-12-06T12:04:27.904Z"}}, {"model": "cms.cmsplugin", "pk": 141, "fields": {"path": "000E", "depth": 1, "numchild": 3, "placeholder": 22, "parent": null, "position": 0, "language": "en", "plugin_type": "StylePlugin", "creation_date": "2021-12-05T20:10:09.701Z", "changed_date": "2021-12-06T12:06:01.754Z"}}, {"model": "cms.cmsplugin", "pk": 142, "fields": {"path": "000E0002", "depth": 2, "numchild": 2, "placeholder": 22, "parent": 141, "position": 0, "language": "en", "plugin_type": "Bootstrap4GridRowPlugin", "creation_date": "2021-12-05T20:10:45.502Z", "changed_date": "2021-12-05T20:10:45.525Z"}}, {"model": "cms.cmsplugin", "pk": 143, "fields": {"path": "000E00020001", "depth": 3, "numchild": 1, "placeholder": 22, "parent": 142, "position": 0, "language": "en", "plugin_type": "Bootstrap4GridColumnPlugin", "creation_date": "2021-12-05T20:10:45.529Z", "changed_date": "2021-12-05T20:16:01.118Z"}}, {"model": "cms.cmsplugin", "pk": 144, "fields": {"path": "000E00020002", "depth": 3, "numchild": 1, "placeholder": 22, "parent": 142, "position": 1, "language": "en", "plugin_type": "Bootstrap4GridColumnPlugin", "creation_date": "2021-12-05T20:10:45.539Z", "changed_date": "2021-12-05T20:12:56.800Z"}}, {"model": "cms.cmsplugin", "pk": 145, "fields": {"path": "000E000200020001", "depth": 4, "numchild": 1, "placeholder": 22, "parent": 144, "position": 0, "language": "en", "plugin_type": "TextPlugin", "creation_date": "2021-12-05T20:11:47.599Z", "changed_date": "2021-12-05T20:14:52.799Z"}}, {"model": "cms.cmsplugin", "pk": 146, "fields": {"path": "000E0002000200010001", "depth": 5, "numchild": 0, "placeholder": 22, "parent": 145, "position": 0, "language": "en", "plugin_type": "Bootstrap4LinkPlugin", "creation_date": "2021-12-05T20:14:16.809Z", "changed_date": "2021-12-05T20:14:16.828Z"}}, {"model": "cms.cmsplugin", "pk": 153, "fields": {"path": "000E00040001", "depth": 3, "numchild": 2, "placeholder": 22, "parent": 159, "position": 0, "language": "en", "plugin_type": "Bootstrap4GridRowPlugin", "creation_date": "2021-12-05T20:10:45.502Z", "changed_date": "2021-12-05T20:16:27.946Z"}}, {"model": "cms.cmsplugin", "pk": 154, "fields": {"path": "000E000400010001", "depth": 4, "numchild": 1, "placeholder": 22, "parent": 153, "position": 1, "language": "en", "plugin_type": "Bootstrap4GridColumnPlugin", "creation_date": "2021-12-05T20:10:45.529Z", "changed_date": "2021-12-05T20:16:28Z"}}, {"model": "cms.cmsplugin", "pk": 155, "fields": {"path": "000E0004000100010001", "depth": 5, "numchild": 0, "placeholder": 22, "parent": 154, "position": 0, "language": "en", "plugin_type": "Bootstrap4PicturePlugin", "creation_date": "2021-12-05T16:21:48.410Z", "changed_date": "2021-12-06T12:05:05.856Z"}}, {"model": "cms.cmsplugin", "pk": 156, "fields": {"path": "000E000400010002", "depth": 4, "numchild": 1, "placeholder": 22, "parent": 153, "position": 0, "language": "en", "plugin_type": "Bootstrap4GridColumnPlugin", "creation_date": "2021-12-05T20:10:45.539Z", "changed_date": "2021-12-05T20:16:28.139Z"}}, {"model": "cms.cmsplugin", "pk": 157, "fields": {"path": "000E0004000100020001", "depth": 5, "numchild": 1, "placeholder": 22, "parent": 156, "position": 0, "language": "en", "plugin_type": "TextPlugin", "creation_date": "2021-12-05T20:11:47.599Z", "changed_date": "2021-12-05T20:21:35.609Z"}}, {"model": "cms.cmsplugin", "pk": 158, "fields": {"path": "000E00040001000200010001", "depth": 6, "numchild": 0, "placeholder": 22, "parent": 157, "position": 0, "language": "en", "plugin_type": "Bootstrap4LinkPlugin", "creation_date": "2021-12-05T20:14:16.809Z", "changed_date": "2021-12-05T20:16:28.356Z"}}, {"model": "cms.cmsplugin", "pk": 159, "fields": {"path": "000E0004", "depth": 2, "numchild": 1, "placeholder": 22, "parent": 141, "position": 1, "language": "en", "plugin_type": "StylePlugin", "creation_date": "2021-12-05T20:19:46.746Z", "changed_date": "2021-12-05T20:20:16.409Z"}}, {"model": "cms.cmsplugin", "pk": 167, "fields": {"path": "000E0005", "depth": 2, "numchild": 1, "placeholder": 22, "parent": 141, "position": 2, "language": "en", "plugin_type": "StylePlugin", "creation_date": "2021-12-05T20:19:46.746Z", "changed_date": "2021-12-05T20:20:43.615Z"}}, {"model": "cms.cmsplugin", "pk": 168, "fields": {"path": "000E00050001", "depth": 3, "numchild": 2, "placeholder": 22, "parent": 167, "position": 0, "language": "en", "plugin_type": "Bootstrap4GridRowPlugin", "creation_date": "2021-12-05T20:10:45.502Z", "changed_date": "2021-12-05T20:20:43.646Z"}}, {"model": "cms.cmsplugin", "pk": 169, "fields": {"path": "000E000500010001", "depth": 4, "numchild": 1, "placeholder": 22, "parent": 168, "position": 0, "language": "en", "plugin_type": "Bootstrap4GridColumnPlugin", "creation_date": "2021-12-05T20:10:45.529Z", "changed_date": "2021-12-05T20:20:43.710Z"}}, {"model": "cms.cmsplugin", "pk": 170, "fields": {"path": "000E0005000100010001", "depth": 5, "numchild": 0, "placeholder": 22, "parent": 169, "position": 0, "language": "en", "plugin_type": "Bootstrap4PicturePlugin", "creation_date": "2021-12-05T16:21:48.410Z", "changed_date": "2021-12-06T12:05:34.870Z"}}, {"model": "cms.cmsplugin", "pk": 171, "fields": {"path": "000E000500010002", "depth": 4, "numchild": 1, "placeholder": 22, "parent": 168, "position": 1, "language": "en", "plugin_type": "Bootstrap4GridColumnPlugin", "creation_date": "2021-12-05T20:10:45.539Z", "changed_date": "2021-12-05T20:20:43.810Z"}}, {"model": "cms.cmsplugin", "pk": 172, "fields": {"path": "000E0005000100020001", "depth": 5, "numchild": 1, "placeholder": 22, "parent": 171, "position": 0, "language": "en", "plugin_type": "TextPlugin", "creation_date": "2021-12-05T20:11:47.599Z", "changed_date": "2021-12-05T20:23:10.576Z"}}, {"model": "cms.cmsplugin", "pk": 173, "fields": {"path": "000E00050001000200010001", "depth": 6, "numchild": 0, "placeholder": 22, "parent": 172, "position": 0, "language": "en", "plugin_type": "Bootstrap4LinkPlugin", "creation_date": "2021-12-05T20:14:16.809Z", "changed_date": "2021-12-05T20:20:43.876Z"}}, {"model": "cms.cmsplugin", "pk": 175, "fields": {"path": "00050001000100010004", "depth": 5, "numchild": 0, "placeholder": 6, "parent": 80, "position": 0, "language": "en", "plugin_type": "Bootstrap4CarouselSlidePlugin", "creation_date": "2021-12-05T11:25:28.826Z", "changed_date": "2021-12-05T21:42:40.298Z"}}, {"model": "cms.cmsplugin", "pk": 241, "fields": {"path": "000300020002", "depth": 3, "numchild": 2, "placeholder": 6, "parent": 10, "position": 1, "language": "en", "plugin_type": "Bootstrap4GridColumnPlugin", "creation_date": "2021-12-05T10:36:17.706Z", "changed_date": "2021-12-05T22:52:06.808Z"}}, {"model": "cms.cmsplugin", "pk": 242, "fields": {"path": "0003000200020001", "depth": 4, "numchild": 2, "placeholder": 6, "parent": 241, "position": 0, "language": "en", "plugin_type": "Bootstrap4CardPlugin", "creation_date": "2021-12-05T10:42:33.396Z", "changed_date": "2021-12-05T22:48:35.885Z"}}, {"model": "cms.cmsplugin", "pk": 243, "fields": {"path": "00030002000200010001", "depth": 5, "numchild": 1, "placeholder": 6, "parent": 242, "position": 0, "language": "en", "plugin_type": "Bootstrap4CardInnerPlugin", "creation_date": "2021-12-05T10:46:07.332Z", "changed_date": "2021-12-05T22:48:35.914Z"}}, {"model": "cms.cmsplugin", "pk": 244, "fields": {"path": "000300020002000100010001", "depth": 6, "numchild": 0, "placeholder": 6, "parent": 243, "position": 0, "language": "en", "plugin_type": "Bootstrap4PicturePlugin", "creation_date": "2021-12-05T10:50:09.842Z", "changed_date": "2021-12-06T11:25:01.862Z"}}, {"model": "cms.cmsplugin", "pk": 245, "fields": {"path": "00030002000200010002", "depth": 5, "numchild": 1, "placeholder": 6, "parent": 242, "position": 1, "language": "en", "plugin_type": "Bootstrap4CardInnerPlugin", "creation_date": "2021-12-05T10:56:44.166Z", "changed_date": "2021-12-05T22:48:36.123Z"}}, {"model": "cms.cmsplugin", "pk": 246, "fields": {"path": "000300020002000100020001", "depth": 6, "numchild": 1, "placeholder": 6, "parent": 245, "position": 0, "language": "en", "plugin_type": "TextPlugin", "creation_date": "2021-12-05T10:56:54.161Z", "changed_date": "2021-12-06T11:58:35.911Z"}}, {"model": "cms.cmsplugin", "pk": 248, "fields": {"path": "000300020003", "depth": 3, "numchild": 1, "placeholder": 6, "parent": 10, "position": 2, "language": "en", "plugin_type": "Bootstrap4GridColumnPlugin", "creation_date": "2021-12-05T10:36:17.706Z", "changed_date": "2021-12-05T22:48:41.830Z"}}, {"model": "cms.cmsplugin", "pk": 249, "fields": {"path": "0003000200030001", "depth": 4, "numchild": 2, "placeholder": 6, "parent": 248, "position": 0, "language": "en", "plugin_type": "Bootstrap4CardPlugin", "creation_date": "2021-12-05T10:42:33.396Z", "changed_date": "2021-12-05T22:48:41.857Z"}}, {"model": "cms.cmsplugin", "pk": 250, "fields": {"path": "00030002000300010001", "depth": 5, "numchild": 1, "placeholder": 6, "parent": 249, "position": 0, "language": "en", "plugin_type": "Bootstrap4CardInnerPlugin", "creation_date": "2021-12-05T10:46:07.332Z", "changed_date": "2021-12-05T22:48:41.878Z"}}, {"model": "cms.cmsplugin", "pk": 251, "fields": {"path": "000300020003000100010001", "depth": 6, "numchild": 0, "placeholder": 6, "parent": 250, "position": 0, "language": "en", "plugin_type": "Bootstrap4PicturePlugin", "creation_date": "2021-12-05T10:50:09.842Z", "changed_date": "2021-12-06T11:25:19.516Z"}}, {"model": "cms.cmsplugin", "pk": 252, "fields": {"path": "00030002000300010002", "depth": 5, "numchild": 1, "placeholder": 6, "parent": 249, "position": 1, "language": "en", "plugin_type": "Bootstrap4CardInnerPlugin", "creation_date": "2021-12-05T10:56:44.166Z", "changed_date": "2021-12-05T22:48:41.939Z"}}, {"model": "cms.cmsplugin", "pk": 253, "fields": {"path": "000300020003000100020001", "depth": 6, "numchild": 1, "placeholder": 6, "parent": 252, "position": 0, "language": "en", "plugin_type": "TextPlugin", "creation_date": "2021-12-05T10:56:54.161Z", "changed_date": "2021-12-05T23:54:21.820Z"}}, {"model": "cms.cmsplugin", "pk": 256, "fields": {"path": "0003000200010002", "depth": 4, "numchild": 0, "placeholder": 6, "parent": 11, "position": 1, "language": "en", "plugin_type": "StylePlugin", "creation_date": "2021-12-05T22:56:37.393Z", "changed_date": "2021-12-05T22:56:37.428Z"}}, {"model": "cms.cmsplugin", "pk": 257, "fields": {"path": "000F", "depth": 1, "numchild": 0, "placeholder": 1, "parent": null, "position": 1, "language": "en", "plugin_type": "StylePlugin", "creation_date": "2021-12-05T22:56:37.393Z", "changed_date": "2021-12-05T22:57:15.530Z"}}, {"model": "cms.cmsplugin", "pk": 258, "fields": {"path": "0003000200020002", "depth": 4, "numchild": 0, "placeholder": 6, "parent": 241, "position": 1, "language": "en", "plugin_type": "StylePlugin", "creation_date": "2021-12-05T22:56:37.393Z", "changed_date": "2021-12-05T22:57:30.787Z"}}, {"model": "cms.cmsplugin", "pk": 373, "fields": {"path": "000R", "depth": 1, "numchild": 1, "placeholder": 31, "parent": null, "position": 1, "language": "en", "plugin_type": "StylePlugin", "creation_date": "2021-12-05T23:24:47.094Z", "changed_date": "2021-12-05T23:24:47.103Z"}}, {"model": "cms.cmsplugin", "pk": 374, "fields": {"path": "000R0001", "depth": 2, "numchild": 2, "placeholder": 31, "parent": 373, "position": 0, "language": "en", "plugin_type": "Bootstrap4GridRowPlugin", "creation_date": "2021-12-05T23:25:01.676Z", "changed_date": "2021-12-05T23:25:01.686Z"}}, {"model": "cms.cmsplugin", "pk": 375, "fields": {"path": "000R00010001", "depth": 3, "numchild": 1, "placeholder": 31, "parent": 374, "position": 1, "language": "en", "plugin_type": "Bootstrap4GridColumnPlugin", "creation_date": "2021-12-05T23:25:01.688Z", "changed_date": "2021-12-05T23:25:01.690Z"}}, {"model": "cms.cmsplugin", "pk": 376, "fields": {"path": "000R00010002", "depth": 3, "numchild": 2, "placeholder": 31, "parent": 374, "position": 0, "language": "en", "plugin_type": "Bootstrap4GridColumnPlugin", "creation_date": "2021-12-05T23:25:01.694Z", "changed_date": "2021-12-05T23:43:08.823Z"}}, {"model": "cms.cmsplugin", "pk": 377, "fields": {"path": "000R000100010001", "depth": 4, "numchild": 0, "placeholder": 31, "parent": 375, "position": 0, "language": "en", "plugin_type": "GoogleMapPlugin", "creation_date": "2021-12-05T23:28:49.792Z", "changed_date": "2021-12-05T23:31:27.496Z"}}, {"model": "cms.cmsplugin", "pk": 378, "fields": {"path": "000S", "depth": 1, "numchild": 1, "placeholder": 31, "parent": null, "position": 0, "language": "en", "plugin_type": "StylePlugin", "creation_date": "2021-12-05T23:33:04.676Z", "changed_date": "2021-12-05T23:33:04.686Z"}}, {"model": "cms.cmsplugin", "pk": 379, "fields": {"path": "000S0001", "depth": 2, "numchild": 1, "placeholder": 31, "parent": 378, "position": 0, "language": "en", "plugin_type": "Bootstrap4GridRowPlugin", "creation_date": "2021-12-05T23:33:33.199Z", "changed_date": "2021-12-05T23:33:33.210Z"}}, {"model": "cms.cmsplugin", "pk": 380, "fields": {"path": "000S00010001", "depth": 3, "numchild": 1, "placeholder": 31, "parent": 379, "position": 0, "language": "en", "plugin_type": "Bootstrap4GridColumnPlugin", "creation_date": "2021-12-05T23:33:33.212Z", "changed_date": "2021-12-05T23:35:30.048Z"}}, {"model": "cms.cmsplugin", "pk": 382, "fields": {"path": "000S000100010002", "depth": 4, "numchild": 0, "placeholder": 31, "parent": 380, "position": 0, "language": "en", "plugin_type": "Bootstrap4PicturePlugin", "creation_date": "2021-12-05T23:34:56.709Z", "changed_date": "2021-12-06T14:05:25.877Z"}}, {"model": "cms.cmsplugin", "pk": 383, "fields": {"path": "000R000100020001", "depth": 4, "numchild": 0, "placeholder": 31, "parent": 376, "position": 0, "language": "en", "plugin_type": "TextPlugin", "creation_date": "2021-12-05T23:36:04.796Z", "changed_date": "2021-12-05T23:36:04.958Z"}}, {"model": "cms.cmsplugin", "pk": 384, "fields": {"path": "000R000100020002", "depth": 4, "numchild": 1, "placeholder": 31, "parent": 376, "position": 1, "language": "en", "plugin_type": "TextPlugin", "creation_date": "2021-12-05T23:38:02.636Z", "changed_date": "2021-12-05T23:40:54.251Z"}}, {"model": "cms.cmsplugin", "pk": 385, "fields": {"path": "000R0001000200020001", "depth": 5, "numchild": 0, "placeholder": 31, "parent": 384, "position": 0, "language": "en", "plugin_type": "Bootstrap4LinkPlugin", "creation_date": "2021-12-05T23:39:02.150Z", "changed_date": "2021-12-05T23:39:02.169Z"}}, {"model": "cms.cmsplugin", "pk": 398, "fields": {"path": "0003000200030001000200010002", "depth": 7, "numchild": 0, "placeholder": 6, "parent": 253, "position": 1, "language": "en", "plugin_type": "Bootstrap4LinkPlugin", "creation_date": "2021-12-05T23:50:44.348Z", "changed_date": "2021-12-05T23:50:44.367Z"}}, {"model": "cms.cmsplugin", "pk": 399, "fields": {"path": "0003000200010001000200010002", "depth": 7, "numchild": 0, "placeholder": 6, "parent": 21, "position": 1, "language": "en", "plugin_type": "Bootstrap4LinkPlugin", "creation_date": "2021-12-05T23:51:42.980Z", "changed_date": "2021-12-05T23:51:43Z"}}, {"model": "cms.cmsplugin", "pk": 400, "fields": {"path": "0003000200020001000200010001", "depth": 7, "numchild": 0, "placeholder": 6, "parent": 246, "position": 0, "language": "en", "plugin_type": "Bootstrap4LinkPlugin", "creation_date": "2021-12-05T23:53:22.908Z", "changed_date": "2021-12-05T23:53:22.945Z"}}, {"model": "cms.cmsplugin", "pk": 558, "fields": {"path": "0018", "depth": 1, "numchild": 0, "placeholder": 2, "parent": null, "position": 0, "language": "en", "plugin_type": "SnippetPlugin", "creation_date": "2021-12-06T11:33:31.077Z", "changed_date": "2021-12-06T11:36:31.577Z"}}, {"model": "cms.cmsplugin", "pk": 669, "fields": {"path": "001L", "depth": 1, "numchild": 1, "placeholder": 6, "parent": null, "position": 3, "language": "en", "plugin_type": "StylePlugin", "creation_date": "2021-12-06T12:08:35.998Z", "changed_date": "2021-12-06T12:18:39.288Z"}}, {"model": "cms.cmsplugin", "pk": 670, "fields": {"path": "001L0001", "depth": 2, "numchild": 1, "placeholder": 6, "parent": 669, "position": 0, "language": "en", "plugin_type": "Bootstrap4GridRowPlugin", "creation_date": "2021-12-06T12:08:54.665Z", "changed_date": "2021-12-06T12:08:54.708Z"}}, {"model": "cms.cmsplugin", "pk": 671, "fields": {"path": "001L00010001", "depth": 3, "numchild": 1, "placeholder": 6, "parent": 670, "position": 0, "language": "en", "plugin_type": "Bootstrap4GridColumnPlugin", "creation_date": "2021-12-06T12:09:09.103Z", "changed_date": "2021-12-06T12:09:09.126Z"}}, {"model": "cms.cmsplugin", "pk": 672, "fields": {"path": "001L000100010001", "depth": 4, "numchild": 0, "placeholder": 6, "parent": 671, "position": 0, "language": "en", "plugin_type": "VideoPlayerPlugin", "creation_date": "2021-12-06T12:10:12.487Z", "changed_date": "2021-12-06T12:10:12.499Z"}}, {"model": "cms.cmsplugin", "pk": 728, "fields": {"path": "001S", "depth": 1, "numchild": 1, "placeholder": 5, "parent": null, "position": 0, "language": "en", "plugin_type": "StylePlugin", "creation_date": "2021-12-04T23:30:38.876Z", "changed_date": "2021-12-06T12:21:16.464Z"}}, {"model": "cms.cmsplugin", "pk": 729, "fields": {"path": "001S0001", "depth": 2, "numchild": 1, "placeholder": 5, "parent": 728, "position": 0, "language": "en", "plugin_type": "Bootstrap4GridRowPlugin", "creation_date": "2021-12-05T10:13:07.131Z", "changed_date": "2021-12-06T12:21:16.529Z"}}, {"model": "cms.cmsplugin", "pk": 730, "fields": {"path": "001S00010001", "depth": 3, "numchild": 1, "placeholder": 5, "parent": 729, "position": 0, "language": "en", "plugin_type": "Bootstrap4GridColumnPlugin", "creation_date": "2021-12-05T10:13:07.508Z", "changed_date": "2021-12-06T12:21:16.589Z"}}, {"model": "cms.cmsplugin", "pk": 731, "fields": {"path": "001S000100010001", "depth": 4, "numchild": 0, "placeholder": 5, "parent": 730, "position": 0, "language": "en", "plugin_type": "TextPlugin", "creation_date": "2021-12-05T10:15:02.723Z", "changed_date": "2021-12-06T12:21:16.738Z"}}, {"model": "cms.cmsplugin", "pk": 732, "fields": {"path": "001T", "depth": 1, "numchild": 1, "placeholder": 35, "parent": null, "position": 0, "language": "en", "plugin_type": "StylePlugin", "creation_date": "2021-12-06T12:27:30.613Z", "changed_date": "2021-12-06T12:29:09.622Z"}}, {"model": "cms.cmsplugin", "pk": 733, "fields": {"path": "001T0001", "depth": 2, "numchild": 1, "placeholder": 35, "parent": 732, "position": 0, "language": "en", "plugin_type": "Bootstrap4GridRowPlugin", "creation_date": "2021-12-06T12:27:47.990Z", "changed_date": "2021-12-06T12:27:48.004Z"}}, {"model": "cms.cmsplugin", "pk": 734, "fields": {"path": "001T00010001", "depth": 3, "numchild": 1, "placeholder": 35, "parent": 733, "position": 0, "language": "en", "plugin_type": "Bootstrap4GridColumnPlugin", "creation_date": "2021-12-06T12:27:48.008Z", "changed_date": "2021-12-06T14:00:00.190Z"}}, {"model": "cms.cmsplugin", "pk": 735, "fields": {"path": "001T000100010001", "depth": 4, "numchild": 0, "placeholder": 35, "parent": 734, "position": 0, "language": "en", "plugin_type": "TextPlugin", "creation_date": "2021-12-06T12:27:56.008Z", "changed_date": "2021-12-06T12:28:07.247Z"}}, {"model": "cms.cmsplugin", "pk": 913, "fields": {"path": "0021", "depth": 1, "numchild": 3, "placeholder": 23, "parent": null, "position": 0, "language": "en", "plugin_type": "StylePlugin", "creation_date": "2021-12-05T20:10:09.701Z", "changed_date": "2021-12-06T12:35:10.267Z"}}, {"model": "cms.cmsplugin", "pk": 914, "fields": {"path": "00210001", "depth": 2, "numchild": 2, "placeholder": 23, "parent": 913, "position": 0, "language": "en", "plugin_type": "Bootstrap4GridRowPlugin", "creation_date": "2021-12-05T20:10:45.502Z", "changed_date": "2021-12-06T12:35:10.307Z"}}, {"model": "cms.cmsplugin", "pk": 915, "fields": {"path": "002100010001", "depth": 3, "numchild": 1, "placeholder": 23, "parent": 914, "position": 0, "language": "en", "plugin_type": "Bootstrap4GridColumnPlugin", "creation_date": "2021-12-05T20:10:45.529Z", "changed_date": "2021-12-06T12:35:10.349Z"}}, {"model": "cms.cmsplugin", "pk": 916, "fields": {"path": "0021000100010001", "depth": 4, "numchild": 0, "placeholder": 23, "parent": 915, "position": 0, "language": "en", "plugin_type": "Bootstrap4PicturePlugin", "creation_date": "2021-12-05T16:21:48.410Z", "changed_date": "2021-12-06T12:35:10.363Z"}}, {"model": "cms.cmsplugin", "pk": 917, "fields": {"path": "002100010002", "depth": 3, "numchild": 1, "placeholder": 23, "parent": 914, "position": 1, "language": "en", "plugin_type": "Bootstrap4GridColumnPlugin", "creation_date": "2021-12-05T20:10:45.539Z", "changed_date": "2021-12-06T12:35:10.395Z"}}, {"model": "cms.cmsplugin", "pk": 918, "fields": {"path": "0021000100020001", "depth": 4, "numchild": 1, "placeholder": 23, "parent": 917, "position": 0, "language": "en", "plugin_type": "TextPlugin", "creation_date": "2021-12-05T20:11:47.599Z", "changed_date": "2021-12-06T12:35:10.687Z"}}, {"model": "cms.cmsplugin", "pk": 919, "fields": {"path": "00210001000200010001", "depth": 5, "numchild": 0, "placeholder": 23, "parent": 918, "position": 0, "language": "en", "plugin_type": "Bootstrap4LinkPlugin", "creation_date": "2021-12-05T20:14:16.809Z", "changed_date": "2021-12-06T12:35:10.433Z"}}, {"model": "cms.cmsplugin", "pk": 920, "fields": {"path": "00210002", "depth": 2, "numchild": 1, "placeholder": 23, "parent": 913, "position": 1, "language": "en", "plugin_type": "StylePlugin", "creation_date": "2021-12-05T20:19:46.746Z", "changed_date": "2021-12-06T12:35:10.457Z"}}, {"model": "cms.cmsplugin", "pk": 921, "fields": {"path": "002100020001", "depth": 3, "numchild": 2, "placeholder": 23, "parent": 920, "position": 0, "language": "en", "plugin_type": "Bootstrap4GridRowPlugin", "creation_date": "2021-12-05T20:10:45.502Z", "changed_date": "2021-12-06T12:35:10.466Z"}}, {"model": "cms.cmsplugin", "pk": 922, "fields": {"path": "0021000200010001", "depth": 4, "numchild": 1, "placeholder": 23, "parent": 921, "position": 1, "language": "en", "plugin_type": "Bootstrap4GridColumnPlugin", "creation_date": "2021-12-05T20:10:45.529Z", "changed_date": "2021-12-06T12:35:10.477Z"}}, {"model": "cms.cmsplugin", "pk": 923, "fields": {"path": "00210002000100010001", "depth": 5, "numchild": 0, "placeholder": 23, "parent": 922, "position": 0, "language": "en", "plugin_type": "Bootstrap4PicturePlugin", "creation_date": "2021-12-05T16:21:48.410Z", "changed_date": "2021-12-06T12:35:10.487Z"}}, {"model": "cms.cmsplugin", "pk": 924, "fields": {"path": "0021000200010002", "depth": 4, "numchild": 1, "placeholder": 23, "parent": 921, "position": 0, "language": "en", "plugin_type": "Bootstrap4GridColumnPlugin", "creation_date": "2021-12-05T20:10:45.539Z", "changed_date": "2021-12-06T12:35:10.502Z"}}, {"model": "cms.cmsplugin", "pk": 925, "fields": {"path": "00210002000100020001", "depth": 5, "numchild": 1, "placeholder": 23, "parent": 924, "position": 0, "language": "en", "plugin_type": "TextPlugin", "creation_date": "2021-12-05T20:11:47.599Z", "changed_date": "2021-12-06T12:35:10.722Z"}}, {"model": "cms.cmsplugin", "pk": 926, "fields": {"path": "002100020001000200010001", "depth": 6, "numchild": 0, "placeholder": 23, "parent": 925, "position": 0, "language": "en", "plugin_type": "Bootstrap4LinkPlugin", "creation_date": "2021-12-05T20:14:16.809Z", "changed_date": "2021-12-06T12:35:10.529Z"}}, {"model": "cms.cmsplugin", "pk": 927, "fields": {"path": "00210003", "depth": 2, "numchild": 1, "placeholder": 23, "parent": 913, "position": 2, "language": "en", "plugin_type": "StylePlugin", "creation_date": "2021-12-05T20:19:46.746Z", "changed_date": "2021-12-06T12:35:10.544Z"}}, {"model": "cms.cmsplugin", "pk": 928, "fields": {"path": "002100030001", "depth": 3, "numchild": 2, "placeholder": 23, "parent": 927, "position": 0, "language": "en", "plugin_type": "Bootstrap4GridRowPlugin", "creation_date": "2021-12-05T20:10:45.502Z", "changed_date": "2021-12-06T12:35:10.552Z"}}, {"model": "cms.cmsplugin", "pk": 929, "fields": {"path": "0021000300010001", "depth": 4, "numchild": 1, "placeholder": 23, "parent": 928, "position": 0, "language": "en", "plugin_type": "Bootstrap4GridColumnPlugin", "creation_date": "2021-12-05T20:10:45.529Z", "changed_date": "2021-12-06T12:35:10.561Z"}}, {"model": "cms.cmsplugin", "pk": 930, "fields": {"path": "00210003000100010001", "depth": 5, "numchild": 0, "placeholder": 23, "parent": 929, "position": 0, "language": "en", "plugin_type": "Bootstrap4PicturePlugin", "creation_date": "2021-12-05T16:21:48.410Z", "changed_date": "2021-12-06T12:35:10.570Z"}}, {"model": "cms.cmsplugin", "pk": 931, "fields": {"path": "0021000300010002", "depth": 4, "numchild": 1, "placeholder": 23, "parent": 928, "position": 1, "language": "en", "plugin_type": "Bootstrap4GridColumnPlugin", "creation_date": "2021-12-05T20:10:45.539Z", "changed_date": "2021-12-06T12:35:10.592Z"}}, {"model": "cms.cmsplugin", "pk": 932, "fields": {"path": "00210003000100020001", "depth": 5, "numchild": 1, "placeholder": 23, "parent": 931, "position": 0, "language": "en", "plugin_type": "TextPlugin", "creation_date": "2021-12-05T20:11:47.599Z", "changed_date": "2021-12-06T12:35:10.755Z"}}, {"model": "cms.cmsplugin", "pk": 933, "fields": {"path": "002100030001000200010001", "depth": 6, "numchild": 0, "placeholder": 23, "parent": 932, "position": 0, "language": "en", "plugin_type": "Bootstrap4LinkPlugin", "creation_date": "2021-12-05T20:14:16.809Z", "changed_date": "2021-12-06T12:35:10.657Z"}}, {"model": "cms.cmsplugin", "pk": 934, "fields": {"path": "0022", "depth": 1, "numchild": 0, "placeholder": 3, "parent": null, "position": 0, "language": "en", "plugin_type": "SnippetPlugin", "creation_date": "2021-12-06T11:33:31.077Z", "changed_date": "2021-12-06T14:00:43.818Z"}}, {"model": "cms.cmsplugin", "pk": 935, "fields": {"path": "0023", "depth": 1, "numchild": 1, "placeholder": 27, "parent": null, "position": 2, "language": "en", "plugin_type": "StylePlugin", "creation_date": "2021-12-05T10:26:38.625Z", "changed_date": "2021-12-06T14:00:44.300Z"}}, {"model": "cms.cmsplugin", "pk": 936, "fields": {"path": "00230001", "depth": 2, "numchild": 3, "placeholder": 27, "parent": 935, "position": 1, "language": "en", "plugin_type": "Bootstrap4GridRowPlugin", "creation_date": "2021-12-05T10:36:17.252Z", "changed_date": "2021-12-06T14:00:44.311Z"}}, {"model": "cms.cmsplugin", "pk": 937, "fields": {"path": "002300010001", "depth": 3, "numchild": 2, "placeholder": 27, "parent": 936, "position": 0, "language": "en", "plugin_type": "Bootstrap4GridColumnPlugin", "creation_date": "2021-12-05T10:36:17.706Z", "changed_date": "2021-12-06T14:00:44.322Z"}}, {"model": "cms.cmsplugin", "pk": 938, "fields": {"path": "0023000100010001", "depth": 4, "numchild": 2, "placeholder": 27, "parent": 937, "position": 0, "language": "en", "plugin_type": "Bootstrap4CardPlugin", "creation_date": "2021-12-05T10:42:33.396Z", "changed_date": "2021-12-06T14:00:44.330Z"}}, {"model": "cms.cmsplugin", "pk": 939, "fields": {"path": "00230001000100010001", "depth": 5, "numchild": 1, "placeholder": 27, "parent": 938, "position": 0, "language": "en", "plugin_type": "Bootstrap4CardInnerPlugin", "creation_date": "2021-12-05T10:46:07.332Z", "changed_date": "2021-12-06T14:00:44.337Z"}}, {"model": "cms.cmsplugin", "pk": 940, "fields": {"path": "002300010001000100010001", "depth": 6, "numchild": 0, "placeholder": 27, "parent": 939, "position": 0, "language": "en", "plugin_type": "Bootstrap4PicturePlugin", "creation_date": "2021-12-05T10:50:09.842Z", "changed_date": "2021-12-06T14:00:44.345Z"}}, {"model": "cms.cmsplugin", "pk": 941, "fields": {"path": "00230001000100010002", "depth": 5, "numchild": 1, "placeholder": 27, "parent": 938, "position": 1, "language": "en", "plugin_type": "Bootstrap4CardInnerPlugin", "creation_date": "2021-12-05T10:56:44.166Z", "changed_date": "2021-12-06T14:00:44.356Z"}}, {"model": "cms.cmsplugin", "pk": 942, "fields": {"path": "002300010001000100020001", "depth": 6, "numchild": 1, "placeholder": 27, "parent": 941, "position": 0, "language": "en", "plugin_type": "TextPlugin", "creation_date": "2021-12-05T10:56:54.161Z", "changed_date": "2021-12-06T14:00:45.159Z"}}, {"model": "cms.cmsplugin", "pk": 943, "fields": {"path": "0023000100010001000200010001", "depth": 7, "numchild": 0, "placeholder": 27, "parent": 942, "position": 1, "language": "en", "plugin_type": "Bootstrap4LinkPlugin", "creation_date": "2021-12-05T23:51:42.980Z", "changed_date": "2021-12-06T14:00:44.735Z"}}, {"model": "cms.cmsplugin", "pk": 944, "fields": {"path": "0023000100010002", "depth": 4, "numchild": 0, "placeholder": 27, "parent": 937, "position": 1, "language": "en", "plugin_type": "StylePlugin", "creation_date": "2021-12-05T22:56:37.393Z", "changed_date": "2021-12-06T14:00:44.749Z"}}, {"model": "cms.cmsplugin", "pk": 945, "fields": {"path": "002300010002", "depth": 3, "numchild": 2, "placeholder": 27, "parent": 936, "position": 1, "language": "en", "plugin_type": "Bootstrap4GridColumnPlugin", "creation_date": "2021-12-05T10:36:17.706Z", "changed_date": "2021-12-06T14:00:44.760Z"}}, {"model": "cms.cmsplugin", "pk": 946, "fields": {"path": "0023000100020001", "depth": 4, "numchild": 2, "placeholder": 27, "parent": 945, "position": 0, "language": "en", "plugin_type": "Bootstrap4CardPlugin", "creation_date": "2021-12-05T10:42:33.396Z", "changed_date": "2021-12-06T14:00:44.768Z"}}, {"model": "cms.cmsplugin", "pk": 947, "fields": {"path": "00230001000200010001", "depth": 5, "numchild": 1, "placeholder": 27, "parent": 946, "position": 0, "language": "en", "plugin_type": "Bootstrap4CardInnerPlugin", "creation_date": "2021-12-05T10:46:07.332Z", "changed_date": "2021-12-06T14:00:44.784Z"}}, {"model": "cms.cmsplugin", "pk": 948, "fields": {"path": "002300010002000100010001", "depth": 6, "numchild": 0, "placeholder": 27, "parent": 947, "position": 0, "language": "en", "plugin_type": "Bootstrap4PicturePlugin", "creation_date": "2021-12-05T10:50:09.842Z", "changed_date": "2021-12-06T14:00:44.792Z"}}, {"model": "cms.cmsplugin", "pk": 949, "fields": {"path": "00230001000200010002", "depth": 5, "numchild": 1, "placeholder": 27, "parent": 946, "position": 1, "language": "en", "plugin_type": "Bootstrap4CardInnerPlugin", "creation_date": "2021-12-05T10:56:44.166Z", "changed_date": "2021-12-06T14:00:44.805Z"}}, {"model": "cms.cmsplugin", "pk": 950, "fields": {"path": "002300010002000100020001", "depth": 6, "numchild": 1, "placeholder": 27, "parent": 949, "position": 0, "language": "en", "plugin_type": "TextPlugin", "creation_date": "2021-12-05T10:56:54.161Z", "changed_date": "2021-12-06T14:00:45.184Z"}}, {"model": "cms.cmsplugin", "pk": 951, "fields": {"path": "0023000100020001000200010001", "depth": 7, "numchild": 0, "placeholder": 27, "parent": 950, "position": 0, "language": "en", "plugin_type": "Bootstrap4LinkPlugin", "creation_date": "2021-12-05T23:53:22.908Z", "changed_date": "2021-12-06T14:00:44.836Z"}}, {"model": "cms.cmsplugin", "pk": 952, "fields": {"path": "0023000100020002", "depth": 4, "numchild": 0, "placeholder": 27, "parent": 945, "position": 1, "language": "en", "plugin_type": "StylePlugin", "creation_date": "2021-12-05T22:56:37.393Z", "changed_date": "2021-12-06T14:00:44.850Z"}}, {"model": "cms.cmsplugin", "pk": 953, "fields": {"path": "002300010003", "depth": 3, "numchild": 1, "placeholder": 27, "parent": 936, "position": 2, "language": "en", "plugin_type": "Bootstrap4GridColumnPlugin", "creation_date": "2021-12-05T10:36:17.706Z", "changed_date": "2021-12-06T14:00:44.864Z"}}, {"model": "cms.cmsplugin", "pk": 954, "fields": {"path": "0023000100030001", "depth": 4, "numchild": 2, "placeholder": 27, "parent": 953, "position": 0, "language": "en", "plugin_type": "Bootstrap4CardPlugin", "creation_date": "2021-12-05T10:42:33.396Z", "changed_date": "2021-12-06T14:00:44.873Z"}}, {"model": "cms.cmsplugin", "pk": 955, "fields": {"path": "00230001000300010001", "depth": 5, "numchild": 1, "placeholder": 27, "parent": 954, "position": 0, "language": "en", "plugin_type": "Bootstrap4CardInnerPlugin", "creation_date": "2021-12-05T10:46:07.332Z", "changed_date": "2021-12-06T14:00:44.880Z"}}, {"model": "cms.cmsplugin", "pk": 956, "fields": {"path": "002300010003000100010001", "depth": 6, "numchild": 0, "placeholder": 27, "parent": 955, "position": 0, "language": "en", "plugin_type": "Bootstrap4PicturePlugin", "creation_date": "2021-12-05T10:50:09.842Z", "changed_date": "2021-12-06T14:00:44.888Z"}}, {"model": "cms.cmsplugin", "pk": 957, "fields": {"path": "00230001000300010002", "depth": 5, "numchild": 1, "placeholder": 27, "parent": 954, "position": 1, "language": "en", "plugin_type": "Bootstrap4CardInnerPlugin", "creation_date": "2021-12-05T10:56:44.166Z", "changed_date": "2021-12-06T14:00:44.906Z"}}, {"model": "cms.cmsplugin", "pk": 958, "fields": {"path": "002300010003000100020001", "depth": 6, "numchild": 1, "placeholder": 27, "parent": 957, "position": 0, "language": "en", "plugin_type": "TextPlugin", "creation_date": "2021-12-05T10:56:54.161Z", "changed_date": "2021-12-06T14:00:45.215Z"}}, {"model": "cms.cmsplugin", "pk": 959, "fields": {"path": "0023000100030001000200010001", "depth": 7, "numchild": 0, "placeholder": 27, "parent": 958, "position": 1, "language": "en", "plugin_type": "Bootstrap4LinkPlugin", "creation_date": "2021-12-05T23:50:44.348Z", "changed_date": "2021-12-06T14:00:44.955Z"}}, {"model": "cms.cmsplugin", "pk": 960, "fields": {"path": "0024", "depth": 1, "numchild": 1, "placeholder": 27, "parent": null, "position": 1, "language": "en", "plugin_type": "StylePlugin", "creation_date": "2021-12-05T11:17:09.855Z", "changed_date": "2021-12-06T14:00:44.963Z"}}, {"model": "cms.cmsplugin", "pk": 961, "fields": {"path": "00240001", "depth": 2, "numchild": 1, "placeholder": 27, "parent": 960, "position": 1, "language": "en", "plugin_type": "Bootstrap4GridRowPlugin", "creation_date": "2021-12-05T11:17:38.232Z", "changed_date": "2021-12-06T14:00:44.971Z"}}, {"model": "cms.cmsplugin", "pk": 962, "fields": {"path": "002400010001", "depth": 3, "numchild": 1, "placeholder": 27, "parent": 961, "position": 0, "language": "en", "plugin_type": "Bootstrap4GridColumnPlugin", "creation_date": "2021-12-05T11:17:38.248Z", "changed_date": "2021-12-06T14:00:44.977Z"}}, {"model": "cms.cmsplugin", "pk": 963, "fields": {"path": "0024000100010001", "depth": 4, "numchild": 4, "placeholder": 27, "parent": 962, "position": 0, "language": "en", "plugin_type": "Bootstrap4CarouselPlugin", "creation_date": "2021-12-05T11:18:21.274Z", "changed_date": "2021-12-06T14:00:44.988Z"}}, {"model": "cms.cmsplugin", "pk": 964, "fields": {"path": "00240001000100010001", "depth": 5, "numchild": 0, "placeholder": 27, "parent": 963, "position": 2, "language": "en", "plugin_type": "Bootstrap4CarouselSlidePlugin", "creation_date": "2021-12-05T11:23:11.313Z", "changed_date": "2021-12-06T14:00:44.994Z"}}, {"model": "cms.cmsplugin", "pk": 965, "fields": {"path": "00240001000100010002", "depth": 5, "numchild": 0, "placeholder": 27, "parent": 963, "position": 1, "language": "en", "plugin_type": "Bootstrap4CarouselSlidePlugin", "creation_date": "2021-12-05T11:25:28.826Z", "changed_date": "2021-12-06T14:00:45.007Z"}}, {"model": "cms.cmsplugin", "pk": 966, "fields": {"path": "00240001000100010003", "depth": 5, "numchild": 0, "placeholder": 27, "parent": 963, "position": 3, "language": "en", "plugin_type": "Bootstrap4CarouselSlidePlugin", "creation_date": "2021-12-05T11:30:34.255Z", "changed_date": "2021-12-06T14:00:45.035Z"}}, {"model": "cms.cmsplugin", "pk": 967, "fields": {"path": "00240001000100010004", "depth": 5, "numchild": 0, "placeholder": 27, "parent": 963, "position": 0, "language": "en", "plugin_type": "Bootstrap4CarouselSlidePlugin", "creation_date": "2021-12-05T11:25:28.826Z", "changed_date": "2021-12-06T14:00:45.048Z"}}, {"model": "cms.cmsplugin", "pk": 968, "fields": {"path": "0025", "depth": 1, "numchild": 1, "placeholder": 27, "parent": null, "position": 0, "language": "en", "plugin_type": "StylePlugin", "creation_date": "2021-12-05T11:38:43.280Z", "changed_date": "2021-12-06T14:00:45.060Z"}}, {"model": "cms.cmsplugin", "pk": 969, "fields": {"path": "00250001", "depth": 2, "numchild": 1, "placeholder": 27, "parent": 968, "position": 0, "language": "en", "plugin_type": "Bootstrap4GridRowPlugin", "creation_date": "2021-12-05T10:27:26.917Z", "changed_date": "2021-12-06T14:00:45.068Z"}}, {"model": "cms.cmsplugin", "pk": 970, "fields": {"path": "002500010001", "depth": 3, "numchild": 1, "placeholder": 27, "parent": 969, "position": 0, "language": "en", "plugin_type": "Bootstrap4GridColumnPlugin", "creation_date": "2021-12-05T10:27:27.065Z", "changed_date": "2021-12-06T14:00:45.076Z"}}, {"model": "cms.cmsplugin", "pk": 971, "fields": {"path": "0025000100010001", "depth": 4, "numchild": 0, "placeholder": 27, "parent": 970, "position": 0, "language": "en", "plugin_type": "TextPlugin", "creation_date": "2021-12-05T10:28:30.898Z", "changed_date": "2021-12-06T14:00:45.240Z"}}, {"model": "cms.cmsplugin", "pk": 972, "fields": {"path": "0026", "depth": 1, "numchild": 1, "placeholder": 27, "parent": null, "position": 3, "language": "en", "plugin_type": "StylePlugin", "creation_date": "2021-12-06T12:08:35.998Z", "changed_date": "2021-12-06T14:00:45.116Z"}}, {"model": "cms.cmsplugin", "pk": 973, "fields": {"path": "00260001", "depth": 2, "numchild": 1, "placeholder": 27, "parent": 972, "position": 0, "language": "en", "plugin_type": "Bootstrap4GridRowPlugin", "creation_date": "2021-12-06T12:08:54.665Z", "changed_date": "2021-12-06T14:00:45.123Z"}}, {"model": "cms.cmsplugin", "pk": 974, "fields": {"path": "002600010001", "depth": 3, "numchild": 1, "placeholder": 27, "parent": 973, "position": 0, "language": "en", "plugin_type": "Bootstrap4GridColumnPlugin", "creation_date": "2021-12-06T12:09:09.103Z", "changed_date": "2021-12-06T14:00:45.130Z"}}, {"model": "cms.cmsplugin", "pk": 975, "fields": {"path": "0026000100010001", "depth": 4, "numchild": 0, "placeholder": 27, "parent": 974, "position": 0, "language": "en", "plugin_type": "VideoPlayerPlugin", "creation_date": "2021-12-06T12:10:12.487Z", "changed_date": "2021-12-06T14:00:45.139Z"}}, {"model": "cms.cmsplugin", "pk": 976, "fields": {"path": "0027", "depth": 1, "numchild": 2, "placeholder": 28, "parent": null, "position": 0, "language": "en", "plugin_type": "StylePlugin", "creation_date": "2021-12-05T13:00:37.453Z", "changed_date": "2021-12-06T14:00:45.443Z"}}, {"model": "cms.cmsplugin", "pk": 977, "fields": {"path": "00270001", "depth": 2, "numchild": 2, "placeholder": 28, "parent": 976, "position": 0, "language": "en", "plugin_type": "Bootstrap4GridRowPlugin", "creation_date": "2021-12-05T13:00:57.915Z", "changed_date": "2021-12-06T14:00:45.452Z"}}, {"model": "cms.cmsplugin", "pk": 978, "fields": {"path": "002700010001", "depth": 3, "numchild": 1, "placeholder": 28, "parent": 977, "position": 0, "language": "en", "plugin_type": "Bootstrap4GridColumnPlugin", "creation_date": "2021-12-05T13:00:58.026Z", "changed_date": "2021-12-06T14:00:45.464Z"}}, {"model": "cms.cmsplugin", "pk": 979, "fields": {"path": "0027000100010001", "depth": 4, "numchild": 0, "placeholder": 28, "parent": 978, "position": 0, "language": "en", "plugin_type": "Bootstrap4PicturePlugin", "creation_date": "2021-12-05T13:02:45.244Z", "changed_date": "2021-12-06T14:00:45.475Z"}}, {"model": "cms.cmsplugin", "pk": 980, "fields": {"path": "002700010002", "depth": 3, "numchild": 1, "placeholder": 28, "parent": 977, "position": 1, "language": "en", "plugin_type": "Bootstrap4GridColumnPlugin", "creation_date": "2021-12-05T13:00:58.034Z", "changed_date": "2021-12-06T14:00:45.505Z"}}, {"model": "cms.cmsplugin", "pk": 981, "fields": {"path": "0027000100020001", "depth": 4, "numchild": 1, "placeholder": 28, "parent": 980, "position": 0, "language": "en", "plugin_type": "TextPlugin", "creation_date": "2021-12-05T13:03:16.810Z", "changed_date": "2021-12-06T14:00:45.689Z"}}, {"model": "cms.cmsplugin", "pk": 982, "fields": {"path": "00270001000200010001", "depth": 5, "numchild": 0, "placeholder": 28, "parent": 981, "position": 0, "language": "en", "plugin_type": "Bootstrap4LinkPlugin", "creation_date": "2021-12-05T13:36:23.886Z", "changed_date": "2021-12-06T14:00:45.547Z"}}, {"model": "cms.cmsplugin", "pk": 983, "fields": {"path": "00270002", "depth": 2, "numchild": 2, "placeholder": 28, "parent": 976, "position": 1, "language": "en", "plugin_type": "Bootstrap4GridRowPlugin", "creation_date": "2021-12-05T13:00:57.915Z", "changed_date": "2021-12-06T14:00:45.574Z"}}, {"model": "cms.cmsplugin", "pk": 984, "fields": {"path": "002700020001", "depth": 3, "numchild": 1, "placeholder": 28, "parent": 983, "position": 1, "language": "en", "plugin_type": "Bootstrap4GridColumnPlugin", "creation_date": "2021-12-05T13:00:58.026Z", "changed_date": "2021-12-06T14:00:45.586Z"}}, {"model": "cms.cmsplugin", "pk": 985, "fields": {"path": "0027000200010001", "depth": 4, "numchild": 0, "placeholder": 28, "parent": 984, "position": 0, "language": "en", "plugin_type": "Bootstrap4PicturePlugin", "creation_date": "2021-12-05T13:02:45.244Z", "changed_date": "2021-12-06T14:00:45.596Z"}}, {"model": "cms.cmsplugin", "pk": 986, "fields": {"path": "002700020002", "depth": 3, "numchild": 1, "placeholder": 28, "parent": 983, "position": 0, "language": "en", "plugin_type": "Bootstrap4GridColumnPlugin", "creation_date": "2021-12-05T13:00:58.034Z", "changed_date": "2021-12-06T14:00:45.623Z"}}, {"model": "cms.cmsplugin", "pk": 987, "fields": {"path": "0027000200020001", "depth": 4, "numchild": 1, "placeholder": 28, "parent": 986, "position": 0, "language": "en", "plugin_type": "TextPlugin", "creation_date": "2021-12-05T13:03:16.810Z", "changed_date": "2021-12-06T14:00:45.719Z"}}, {"model": "cms.cmsplugin", "pk": 988, "fields": {"path": "00270002000200010001", "depth": 5, "numchild": 0, "placeholder": 28, "parent": 987, "position": 0, "language": "en", "plugin_type": "Bootstrap4LinkPlugin", "creation_date": "2021-12-05T13:36:23.886Z", "changed_date": "2021-12-06T14:00:45.670Z"}}, {"model": "cms.cmsplugin", "pk": 989, "fields": {"path": "0028", "depth": 1, "numchild": 1, "placeholder": 38, "parent": null, "position": 0, "language": "en", "plugin_type": "StylePlugin", "creation_date": "2021-12-06T12:27:30.613Z", "changed_date": "2021-12-06T14:00:45.788Z"}}, {"model": "cms.cmsplugin", "pk": 990, "fields": {"path": "00280001", "depth": 2, "numchild": 1, "placeholder": 38, "parent": 989, "position": 0, "language": "en", "plugin_type": "Bootstrap4GridRowPlugin", "creation_date": "2021-12-06T12:27:47.990Z", "changed_date": "2021-12-06T14:00:45.797Z"}}, {"model": "cms.cmsplugin", "pk": 991, "fields": {"path": "002800010001", "depth": 3, "numchild": 1, "placeholder": 38, "parent": 990, "position": 0, "language": "en", "plugin_type": "Bootstrap4GridColumnPlugin", "creation_date": "2021-12-06T12:27:48.008Z", "changed_date": "2021-12-06T14:00:45.808Z"}}, {"model": "cms.cmsplugin", "pk": 992, "fields": {"path": "0028000100010001", "depth": 4, "numchild": 0, "placeholder": 38, "parent": 991, "position": 0, "language": "en", "plugin_type": "TextPlugin", "creation_date": "2021-12-06T12:27:56.008Z", "changed_date": "2021-12-06T14:00:45.834Z"}}, {"model": "cms.cmsplugin", "pk": 993, "fields": {"path": "0029", "depth": 1, "numchild": 1, "placeholder": 32, "parent": null, "position": 1, "language": "en", "plugin_type": "StylePlugin", "creation_date": "2021-12-05T23:24:47.094Z", "changed_date": "2021-12-06T14:05:33.523Z"}}, {"model": "cms.cmsplugin", "pk": 994, "fields": {"path": "00290001", "depth": 2, "numchild": 2, "placeholder": 32, "parent": 993, "position": 0, "language": "en", "plugin_type": "Bootstrap4GridRowPlugin", "creation_date": "2021-12-05T23:25:01.676Z", "changed_date": "2021-12-06T14:05:33.545Z"}}, {"model": "cms.cmsplugin", "pk": 995, "fields": {"path": "002900010001", "depth": 3, "numchild": 1, "placeholder": 32, "parent": 994, "position": 1, "language": "en", "plugin_type": "Bootstrap4GridColumnPlugin", "creation_date": "2021-12-05T23:25:01.688Z", "changed_date": "2021-12-06T14:05:33.562Z"}}, {"model": "cms.cmsplugin", "pk": 996, "fields": {"path": "0029000100010001", "depth": 4, "numchild": 0, "placeholder": 32, "parent": 995, "position": 0, "language": "en", "plugin_type": "GoogleMapPlugin", "creation_date": "2021-12-05T23:28:49.792Z", "changed_date": "2021-12-06T14:05:33.581Z"}}, {"model": "cms.cmsplugin", "pk": 997, "fields": {"path": "002900010002", "depth": 3, "numchild": 1, "placeholder": 32, "parent": 994, "position": 0, "language": "en", "plugin_type": "Bootstrap4GridColumnPlugin", "creation_date": "2021-12-05T23:25:01.694Z", "changed_date": "2021-12-06T14:05:33.633Z"}}, {"model": "cms.cmsplugin", "pk": 998, "fields": {"path": "0029000100020001", "depth": 4, "numchild": 1, "placeholder": 32, "parent": 997, "position": 1, "language": "en", "plugin_type": "TextPlugin", "creation_date": "2021-12-05T23:38:02.636Z", "changed_date": "2021-12-06T14:05:33.845Z"}}, {"model": "cms.cmsplugin", "pk": 999, "fields": {"path": "00290001000200010001", "depth": 5, "numchild": 0, "placeholder": 32, "parent": 998, "position": 0, "language": "en", "plugin_type": "Bootstrap4LinkPlugin", "creation_date": "2021-12-05T23:39:02.150Z", "changed_date": "2021-12-06T14:05:33.784Z"}}, {"model": "cms.cmsplugin", "pk": 1000, "fields": {"path": "002A", "depth": 1, "numchild": 1, "placeholder": 32, "parent": null, "position": 0, "language": "en", "plugin_type": "StylePlugin", "creation_date": "2021-12-05T23:33:04.676Z", "changed_date": "2021-12-06T14:05:33.796Z"}}, {"model": "cms.cmsplugin", "pk": 1001, "fields": {"path": "002A0001", "depth": 2, "numchild": 1, "placeholder": 32, "parent": 1000, "position": 0, "language": "en", "plugin_type": "Bootstrap4GridRowPlugin", "creation_date": "2021-12-05T23:33:33.199Z", "changed_date": "2021-12-06T14:05:33.804Z"}}, {"model": "cms.cmsplugin", "pk": 1002, "fields": {"path": "002A00010001", "depth": 3, "numchild": 1, "placeholder": 32, "parent": 1001, "position": 0, "language": "en", "plugin_type": "Bootstrap4GridColumnPlugin", "creation_date": "2021-12-05T23:33:33.212Z", "changed_date": "2021-12-06T14:05:33.817Z"}}, {"model": "cms.cmsplugin", "pk": 1003, "fields": {"path": "002A000100010001", "depth": 4, "numchild": 0, "placeholder": 32, "parent": 1002, "position": 0, "language": "en", "plugin_type": "Bootstrap4PicturePlugin", "creation_date": "2021-12-05T23:34:56.709Z", "changed_date": "2021-12-06T14:05:33.829Z"}}, {"model": "cms.title", "pk": 1, "fields": {"language": "en", "title": "Home", "page_title": "Boubyan Bank | Most Innovative Digital Bank", "menu_title": "Boubyan Bank | Most Innovative Digital Bank", "meta_description": "", "slug": "home", "path": "", "has_url_overwrite": false, "redirect": null, "page": 1, "creation_date": "2021-12-04T23:28:20.328Z", "published": true, "publisher_is_draft": true, "publisher_public": 2, "publisher_state": 0}}, {"model": "cms.title", "pk": 2, "fields": {"language": "en", "title": "Home", "page_title": "Boubyan Bank | Most Innovative Digital Bank", "menu_title": "Boubyan Bank | Most Innovative Digital Bank", "meta_description": "", "slug": "home", "path": "", "has_url_overwrite": false, "redirect": null, "page": 2, "creation_date": "2021-12-04T23:28:20.328Z", "published": true, "publisher_is_draft": false, "publisher_public": 1, "publisher_state": 0}}, {"model": "cms.title", "pk": 3, "fields": {"language": "en", "title": "Page Types", "page_title": null, "menu_title": null, "meta_description": null, "slug": "page_types", "path": "page_types", "has_url_overwrite": false, "redirect": null, "page": 3, "creation_date": "2021-12-05T12:04:00.400Z", "published": false, "publisher_is_draft": true, "publisher_public": null, "publisher_state": 1}}, {"model": "cms.title", "pk": 5, "fields": {"language": "en", "title": "home", "page_title": "Boubyan Bank | Most Innovative Digital Bank", "menu_title": "Home", "meta_description": "", "slug": "home", "path": "page_types/home", "has_url_overwrite": false, "redirect": "/", "page": 5, "creation_date": "2021-12-05T12:27:14.366Z", "published": false, "publisher_is_draft": true, "publisher_public": null, "publisher_state": 1}}, {"model": "cms.title", "pk": 9, "fields": {"language": "en", "title": "service", "page_title": "Explore Boubyan | Boubyan Bank", "menu_title": "Service", "meta_description": "", "slug": "service", "path": "page_types/service", "has_url_overwrite": false, "redirect": "/service/", "page": 9, "creation_date": "2021-12-05T14:44:49.032Z", "published": false, "publisher_is_draft": true, "publisher_public": null, "publisher_state": 1}}, {"model": "cms.title", "pk": 10, "fields": {"language": "en", "title": "Service", "page_title": "Service | Boubyan Bank", "menu_title": "Service | Boubyan Bank", "meta_description": "", "slug": "service", "path": "service", "has_url_overwrite": false, "redirect": null, "page": 10, "creation_date": "2021-12-05T15:48:17.640Z", "published": true, "publisher_is_draft": true, "publisher_public": 11, "publisher_state": 0}}, {"model": "cms.title", "pk": 11, "fields": {"language": "en", "title": "Service", "page_title": "Service | Boubyan Bank", "menu_title": "Service | Boubyan Bank", "meta_description": "", "slug": "service", "path": "service", "has_url_overwrite": false, "redirect": null, "page": 11, "creation_date": "2021-12-05T15:48:17.640Z", "published": true, "publisher_is_draft": false, "publisher_public": 10, "publisher_state": 0}}, {"model": "cms.title", "pk": 13, "fields": {"language": "en", "title": "Map", "page_title": "Branches | Boubyan Bank", "menu_title": "Map", "meta_description": "", "slug": "map", "path": "map", "has_url_overwrite": false, "redirect": null, "page": 13, "creation_date": "2021-12-05T23:18:49.263Z", "published": true, "publisher_is_draft": true, "publisher_public": 14, "publisher_state": 0}}, {"model": "cms.title", "pk": 14, "fields": {"language": "en", "title": "Map", "page_title": "Branches | Boubyan Bank", "menu_title": "Map", "meta_description": "", "slug": "map", "path": "map", "has_url_overwrite": false, "redirect": null, "page": 14, "creation_date": "2021-12-05T23:18:49.263Z", "published": true, "publisher_is_draft": false, "publisher_public": 13, "publisher_state": 0}}, {"model": "cms.title", "pk": 15, "fields": {"language": "en", "title": "map", "page_title": "", "menu_title": "", "meta_description": "", "slug": "map", "path": "page_types/map", "has_url_overwrite": false, "redirect": "/map/", "page": 15, "creation_date": "2021-12-05T23:56:14.804Z", "published": false, "publisher_is_draft": true, "publisher_public": null, "publisher_state": 1}}, {"model": "cms.staticplaceholder", "pk": 1, "fields": {"name": "", "code": "Footer", "draft": 4, "public": 5, "dirty": false, "creation_method": "template", "site": 1}}, {"model": "cms.staticplaceholder", "pk": 2, "fields": {"name": "", "code": "Footer", "draft": 36, "public": 37, "dirty": false, "creation_method": "template", "site": null}}, {"model": "cms.urlconfrevision", "pk": 1, "fields": {"revision": "d00e4bb7-63c3-41dc-a300-1ebba60c64f0"}}, {"model": "easy_thumbnails.source", "pk": 3, "fields": {"storage_hash": "f9bde26a1556cd667f742bd34ec7c55e", "name": "filer_public/df/f3/dff3d93d-41d1-40a7-b054-1a9c5f98deae/5.png", "modified": "2021-12-05T10:55:48.984Z"}}, {"model": "easy_thumbnails.source", "pk": 4, "fields": {"storage_hash": "f9bde26a1556cd667f742bd34ec7c55e", "name": "filer_public/f1/79/f1796770-7c6f-45f2-b454-a4e98404a165/swyft-kwd-bnk-bwbyn-swift-code-lkwyt.jpg", "modified": "2021-12-05T11:23:16.763Z"}}, {"model": "easy_thumbnails.source", "pk": 5, "fields": {"storage_hash": "f9bde26a1556cd667f742bd34ec7c55e", "name": "filer_public/8e/4d/8e4d4048-acd0-45b2-ad05-21bda19c3e49/640.jpg", "modified": "2021-12-05T15:51:09.899Z"}}, {"model": "easy_thumbnails.source", "pk": 6, "fields": {"storage_hash": "f9bde26a1556cd667f742bd34ec7c55e", "name": "filer_public/c2/83/c2830fdc-e30e-4746-9ef1-b44a3f4e91b9/boubyan-bank.jpg", "modified": "2021-12-05T11:30:39.620Z"}}, {"model": "easy_thumbnails.source", "pk": 7, "fields": {"storage_hash": "f9bde26a1556cd667f742bd34ec7c55e", "name": "filer_public/17/6d/176dce25-a5af-4946-83ee-594791ceaa65/onboarding_large_banners_570x512.png", "modified": "2021-12-05T13:43:32.649Z"}}, {"model": "easy_thumbnails.source", "pk": 8, "fields": {"storage_hash": "f9bde26a1556cd667f742bd34ec7c55e", "name": "filer_public/5c/76/5c76b28b-88c0-426f-888e-779a2f210921/mega_banner_-_570_x_512.jpg", "modified": "2021-12-05T20:18:31.251Z"}}, {"model": "easy_thumbnails.source", "pk": 9, "fields": {"storage_hash": "f9bde26a1556cd667f742bd34ec7c55e", "name": "filer_public/82/da/82da31a8-902d-46f0-b6b6-4ea45c400fb1/large_banners_570x512_option_3.png", "modified": "2021-12-05T20:22:56.264Z"}}, {"model": "easy_thumbnails.source", "pk": 10, "fields": {"storage_hash": "f9bde26a1556cd667f742bd34ec7c55e", "name": "filer_public/b1/b7/b1b79e6d-6ba8-4e3c-ac72-321847dd5b4b/boubyan_cards_hjpg__1440x480_q85_subsampling-2.jpg", "modified": "2021-12-05T21:39:04.097Z"}}, {"model": "easy_thumbnails.source", "pk": 11, "fields": {"storage_hash": "f9bde26a1556cd667f742bd34ec7c55e", "name": "filer_public/92/f5/92f51447-6f64-48ad-8c6a-4c29071c87d9/boubyan.png", "modified": "2021-12-05T23:09:17.242Z"}}, {"model": "easy_thumbnails.source", "pk": 12, "fields": {"storage_hash": "f9bde26a1556cd667f742bd34ec7c55e", "name": "filer_public/34/54/34548dac-ee4d-404d-b58e-1859c27be541/b_personal_boubyan_branches_hjpg__1440x480_q85_subsampling-2.jpg", "modified": "2021-12-05T23:34:58.214Z"}}, {"model": "easy_thumbnails.source", "pk": 13, "fields": {"storage_hash": "f9bde26a1556cd667f742bd34ec7c55e", "name": "filer_public/19/c8/19c81e2e-56d6-423e-afd6-9f6310be0d79/boubyan_mastercardworld_t.jpg", "modified": "2021-12-06T11:21:19.717Z"}}, {"model": "easy_thumbnails.source", "pk": 14, "fields": {"storage_hash": "f9bde26a1556cd667f742bd34ec7c55e", "name": "filer_public/9c/53/9c530abc-399d-4349-aa84-fcb9ee5196d3/special_edition_card_-_boubyan_15th_year_anniversary_202008_26_platinum_b_web_size_3.jpg", "modified": "2021-12-06T11:21:41.855Z"}}, {"model": "easy_thumbnails.thumbnail", "pk": 6, "fields": {"storage_hash": "f9bde26a1556cd667f742bd34ec7c55e", "name": "filer_public_thumbnails\\filer_public/df/f3/dff3d93d-41d1-40a7-b054-1a9c5f98deae\\5.png__180x180_q85_crop_subsampling-2_upscale.jpg", "modified": "2021-12-05T10:55:36.436Z", "source": 3}}, {"model": "easy_thumbnails.thumbnail", "pk": 7, "fields": {"storage_hash": "f9bde26a1556cd667f742bd34ec7c55e", "name": "filer_public_thumbnails\\filer_public/df/f3/dff3d93d-41d1-40a7-b054-1a9c5f98deae\\5.png__80x80_q85_crop_subsampling-2.jpg", "modified": "2021-12-05T10:55:38.757Z", "source": 3}}, {"model": "easy_thumbnails.thumbnail", "pk": 8, "fields": {"storage_hash": "f9bde26a1556cd667f742bd34ec7c55e", "name": "filer_public_thumbnails\\filer_public/df/f3/dff3d93d-41d1-40a7-b054-1a9c5f98deae\\5.png__160x160_q85_crop_subsampling-2.jpg", "modified": "2021-12-05T10:55:39.010Z", "source": 3}}, {"model": "easy_thumbnails.thumbnail", "pk": 9, "fields": {"storage_hash": "f9bde26a1556cd667f742bd34ec7c55e", "name": "filer_public_thumbnails\\filer_public/df/f3/dff3d93d-41d1-40a7-b054-1a9c5f98deae\\5.png__40x40_q85_crop_subsampling-2.jpg", "modified": "2021-12-05T10:55:39.425Z", "source": 3}}, {"model": "easy_thumbnails.thumbnail", "pk": 10, "fields": {"storage_hash": "f9bde26a1556cd667f742bd34ec7c55e", "name": "filer_public_thumbnails\\filer_public/df/f3/dff3d93d-41d1-40a7-b054-1a9c5f98deae\\5.png__1366.0x768.0_q85_subsampling-2.jpg", "modified": "2021-12-05T10:55:49.072Z", "source": 3}}, {"model": "easy_thumbnails.thumbnail", "pk": 11, "fields": {"storage_hash": "f9bde26a1556cd667f742bd34ec7c55e", "name": "filer_public_thumbnails\\filer_public/f1/79/f1796770-7c6f-45f2-b454-a4e98404a165\\swyft-kwd-bnk-bwbyn-swift-code-lkwyt.jpg__180x180_q85_crop_subsampling-2_upscale.jpg", "modified": "2021-12-05T11:22:51.418Z", "source": 4}}, {"model": "easy_thumbnails.thumbnail", "pk": 12, "fields": {"storage_hash": "f9bde26a1556cd667f742bd34ec7c55e", "name": "filer_public_thumbnails\\filer_public/f1/79/f1796770-7c6f-45f2-b454-a4e98404a165\\swyft-kwd-bnk-bwbyn-swift-code-lkwyt.jpg__80x80_q85_crop_subsampling-2.jpg", "modified": "2021-12-05T11:22:52.754Z", "source": 4}}, {"model": "easy_thumbnails.thumbnail", "pk": 13, "fields": {"storage_hash": "f9bde26a1556cd667f742bd34ec7c55e", "name": "filer_public_thumbnails\\filer_public/f1/79/f1796770-7c6f-45f2-b454-a4e98404a165\\swyft-kwd-bnk-bwbyn-swift-code-lkwyt.jpg__160x160_q85_crop_subsampling-2.jpg", "modified": "2021-12-05T11:22:52.952Z", "source": 4}}, {"model": "easy_thumbnails.thumbnail", "pk": 14, "fields": {"storage_hash": "f9bde26a1556cd667f742bd34ec7c55e", "name": "filer_public_thumbnails\\filer_public/f1/79/f1796770-7c6f-45f2-b454-a4e98404a165\\swyft-kwd-bnk-bwbyn-swift-code-lkwyt.jpg__40x40_q85_crop_subsampling-2.jpg", "modified": "2021-12-05T11:22:53.266Z", "source": 4}}, {"model": "easy_thumbnails.thumbnail", "pk": 15, "fields": {"storage_hash": "f9bde26a1556cd667f742bd34ec7c55e", "name": "filer_public_thumbnails\\filer_public/f1/79/f1796770-7c6f-45f2-b454-a4e98404a165\\swyft-kwd-bnk-bwbyn-swift-code-lkwyt.jpg__1024.0x438.85714285714283_q85_crop-10_subsampling-2_upscale.jpg", "modified": "2021-12-05T11:23:16.938Z", "source": 4}}, {"model": "easy_thumbnails.thumbnail", "pk": 16, "fields": {"storage_hash": "f9bde26a1556cd667f742bd34ec7c55e", "name": "filer_public_thumbnails\\filer_public/8e/4d/8e4d4048-acd0-45b2-ad05-21bda19c3e49\\640.jpg__180x180_q85_crop_subsampling-2_upscale.jpg", "modified": "2021-12-05T11:25:19.249Z", "source": 5}}, {"model": "easy_thumbnails.thumbnail", "pk": 17, "fields": {"storage_hash": "f9bde26a1556cd667f742bd34ec7c55e", "name": "filer_public_thumbnails\\filer_public/8e/4d/8e4d4048-acd0-45b2-ad05-21bda19c3e49\\640.jpg__80x80_q85_crop_subsampling-2.jpg", "modified": "2021-12-05T11:25:20.476Z", "source": 5}}, {"model": "easy_thumbnails.thumbnail", "pk": 18, "fields": {"storage_hash": "f9bde26a1556cd667f742bd34ec7c55e", "name": "filer_public_thumbnails\\filer_public/8e/4d/8e4d4048-acd0-45b2-ad05-21bda19c3e49\\640.jpg__160x160_q85_crop_subsampling-2.jpg", "modified": "2021-12-05T11:25:20.634Z", "source": 5}}, {"model": "easy_thumbnails.thumbnail", "pk": 19, "fields": {"storage_hash": "f9bde26a1556cd667f742bd34ec7c55e", "name": "filer_public_thumbnails\\filer_public/8e/4d/8e4d4048-acd0-45b2-ad05-21bda19c3e49\\640.jpg__40x40_q85_crop_subsampling-2.jpg", "modified": "2021-12-05T11:25:20.861Z", "source": 5}}, {"model": "easy_thumbnails.thumbnail", "pk": 20, "fields": {"storage_hash": "f9bde26a1556cd667f742bd34ec7c55e", "name": "filer_public_thumbnails\\filer_public/8e/4d/8e4d4048-acd0-45b2-ad05-21bda19c3e49\\640.jpg__1024.0x438.85714285714283_q85_crop-10_subsampling-2_upscale.jpg", "modified": "2021-12-05T11:25:32.250Z", "source": 5}}, {"model": "easy_thumbnails.thumbnail", "pk": 21, "fields": {"storage_hash": "f9bde26a1556cd667f742bd34ec7c55e", "name": "filer_public_thumbnails\\filer_public/c2/83/c2830fdc-e30e-4746-9ef1-b44a3f4e91b9\\boubyan-bank.jpg__180x180_q85_crop_subsampling-2_upscale.jpg", "modified": "2021-12-05T11:30:20.953Z", "source": 6}}, {"model": "easy_thumbnails.thumbnail", "pk": 22, "fields": {"storage_hash": "f9bde26a1556cd667f742bd34ec7c55e", "name": "filer_public_thumbnails\\filer_public/c2/83/c2830fdc-e30e-4746-9ef1-b44a3f4e91b9\\boubyan-bank.jpg__80x80_q85_crop_subsampling-2.jpg", "modified": "2021-12-05T11:30:21.906Z", "source": 6}}, {"model": "easy_thumbnails.thumbnail", "pk": 23, "fields": {"storage_hash": "f9bde26a1556cd667f742bd34ec7c55e", "name": "filer_public_thumbnails\\filer_public/c2/83/c2830fdc-e30e-4746-9ef1-b44a3f4e91b9\\boubyan-bank.jpg__160x160_q85_crop_subsampling-2.jpg", "modified": "2021-12-05T11:30:22.117Z", "source": 6}}, {"model": "easy_thumbnails.thumbnail", "pk": 24, "fields": {"storage_hash": "f9bde26a1556cd667f742bd34ec7c55e", "name": "filer_public_thumbnails\\filer_public/c2/83/c2830fdc-e30e-4746-9ef1-b44a3f4e91b9\\boubyan-bank.jpg__40x40_q85_crop_subsampling-2.jpg", "modified": "2021-12-05T11:30:22.491Z", "source": 6}}, {"model": "easy_thumbnails.thumbnail", "pk": 25, "fields": {"storage_hash": "f9bde26a1556cd667f742bd34ec7c55e", "name": "filer_public_thumbnails\\filer_public/c2/83/c2830fdc-e30e-4746-9ef1-b44a3f4e91b9\\boubyan-bank.jpg__1024.0x438.85714285714283_q85_crop-10_subsampling-2_upscale.jpg", "modified": "2021-12-05T11:30:39.776Z", "source": 6}}, {"model": "easy_thumbnails.thumbnail", "pk": 26, "fields": {"storage_hash": "f9bde26a1556cd667f742bd34ec7c55e", "name": "filer_public_thumbnails\\filer_public/8e/4d/8e4d4048-acd0-45b2-ad05-21bda19c3e49\\640.jpg__640.0x450.0_q85_crop_subsampling-2.jpg", "modified": "2021-12-05T12:07:43.957Z", "source": 5}}, {"model": "easy_thumbnails.thumbnail", "pk": 27, "fields": {"storage_hash": "f9bde26a1556cd667f742bd34ec7c55e", "name": "filer_public_thumbnails\\filer_public/8e/4d/8e4d4048-acd0-45b2-ad05-21bda19c3e49\\640.jpg__100x100_q85_crop_subsampling-2.jpg", "modified": "2021-12-05T12:09:15.586Z", "source": 5}}, {"model": "easy_thumbnails.thumbnail", "pk": 28, "fields": {"storage_hash": "f9bde26a1556cd667f742bd34ec7c55e", "name": "filer_public_thumbnails\\filer_public/17/6d/176dce25-a5af-4946-83ee-594791ceaa65\\onboarding_large_banners_570x512.png__180x180_crop_subsampling-2_upscale.png", "modified": "2021-12-05T13:02:34.054Z", "source": 7}}, {"model": "easy_thumbnails.thumbnail", "pk": 29, "fields": {"storage_hash": "f9bde26a1556cd667f742bd34ec7c55e", "name": "filer_public_thumbnails\\filer_public/17/6d/176dce25-a5af-4946-83ee-594791ceaa65\\onboarding_large_banners_570x512.png__80x80_crop_subsampling-2.png", "modified": "2021-12-05T13:02:34.817Z", "source": 7}}, {"model": "easy_thumbnails.thumbnail", "pk": 30, "fields": {"storage_hash": "f9bde26a1556cd667f742bd34ec7c55e", "name": "filer_public_thumbnails\\filer_public/17/6d/176dce25-a5af-4946-83ee-594791ceaa65\\onboarding_large_banners_570x512.png__160x160_crop_subsampling-2.png", "modified": "2021-12-05T13:02:35.108Z", "source": 7}}, {"model": "easy_thumbnails.thumbnail", "pk": 31, "fields": {"storage_hash": "f9bde26a1556cd667f742bd34ec7c55e", "name": "filer_public_thumbnails\\filer_public/17/6d/176dce25-a5af-4946-83ee-594791ceaa65\\onboarding_large_banners_570x512.png__40x40_crop_subsampling-2.png", "modified": "2021-12-05T13:02:35.419Z", "source": 7}}, {"model": "easy_thumbnails.thumbnail", "pk": 32, "fields": {"storage_hash": "f9bde26a1556cd667f742bd34ec7c55e", "name": "filer_public_thumbnails\\filer_public/17/6d/176dce25-a5af-4946-83ee-594791ceaa65\\onboarding_large_banners_570x512.png__570.0x512.0_subsampling-2.png", "modified": "2021-12-05T13:02:51.905Z", "source": 7}}, {"model": "easy_thumbnails.thumbnail", "pk": 33, "fields": {"storage_hash": "f9bde26a1556cd667f742bd34ec7c55e", "name": "filer_public_thumbnails\\filer_public/17/6d/176dce25-a5af-4946-83ee-594791ceaa65\\onboarding_large_banners_570x512.png__720x720_subsampling-2.png", "modified": "2021-12-05T13:43:32.962Z", "source": 7}}, {"model": "easy_thumbnails.thumbnail", "pk": 34, "fields": {"storage_hash": "f9bde26a1556cd667f742bd34ec7c55e", "name": "filer_public_thumbnails\\filer_public/5c/76/5c76b28b-88c0-426f-888e-779a2f210921\\mega_banner_-_570_x_512.jpg__180x180_q85_crop_subsampling-2_upscale.jpg", "modified": "2021-12-05T13:53:52.351Z", "source": 8}}, {"model": "easy_thumbnails.thumbnail", "pk": 35, "fields": {"storage_hash": "f9bde26a1556cd667f742bd34ec7c55e", "name": "filer_public_thumbnails\\filer_public/5c/76/5c76b28b-88c0-426f-888e-779a2f210921\\mega_banner_-_570_x_512.jpg__80x80_q85_crop_subsampling-2.jpg", "modified": "2021-12-05T13:53:53.677Z", "source": 8}}, {"model": "easy_thumbnails.thumbnail", "pk": 36, "fields": {"storage_hash": "f9bde26a1556cd667f742bd34ec7c55e", "name": "filer_public_thumbnails\\filer_public/5c/76/5c76b28b-88c0-426f-888e-779a2f210921\\mega_banner_-_570_x_512.jpg__160x160_q85_crop_subsampling-2.jpg", "modified": "2021-12-05T13:53:53.868Z", "source": 8}}, {"model": "easy_thumbnails.thumbnail", "pk": 37, "fields": {"storage_hash": "f9bde26a1556cd667f742bd34ec7c55e", "name": "filer_public_thumbnails\\filer_public/5c/76/5c76b28b-88c0-426f-888e-779a2f210921\\mega_banner_-_570_x_512.jpg__40x40_q85_crop_subsampling-2.jpg", "modified": "2021-12-05T13:53:54.346Z", "source": 8}}, {"model": "easy_thumbnails.thumbnail", "pk": 38, "fields": {"storage_hash": "f9bde26a1556cd667f742bd34ec7c55e", "name": "filer_public_thumbnails\\filer_public/5c/76/5c76b28b-88c0-426f-888e-779a2f210921\\mega_banner_-_570_x_512.jpg__720x720_q85_subsampling-2.jpg", "modified": "2021-12-05T13:54:08.961Z", "source": 8}}, {"model": "easy_thumbnails.thumbnail", "pk": 39, "fields": {"storage_hash": "f9bde26a1556cd667f742bd34ec7c55e", "name": "filer_public_thumbnails\\filer_public/8e/4d/8e4d4048-acd0-45b2-ad05-21bda19c3e49\\640.jpg__640.0x450.0_q85_subsampling-2.jpg", "modified": "2021-12-05T15:51:10.011Z", "source": 5}}, {"model": "easy_thumbnails.thumbnail", "pk": 40, "fields": {"storage_hash": "f9bde26a1556cd667f742bd34ec7c55e", "name": "filer_public_thumbnails\\filer_public/5c/76/5c76b28b-88c0-426f-888e-779a2f210921\\mega_banner_-_570_x_512.jpg__570.0x512.0_q85_subsampling-2.jpg", "modified": "2021-12-05T20:18:31.371Z", "source": 8}}, {"model": "easy_thumbnails.thumbnail", "pk": 41, "fields": {"storage_hash": "f9bde26a1556cd667f742bd34ec7c55e", "name": "filer_public_thumbnails\\filer_public/82/da/82da31a8-902d-46f0-b6b6-4ea45c400fb1\\large_banners_570x512_option_3.png__180x180_crop_subsampling-2_upscale.png", "modified": "2021-12-05T20:22:47.425Z", "source": 9}}, {"model": "easy_thumbnails.thumbnail", "pk": 42, "fields": {"storage_hash": "f9bde26a1556cd667f742bd34ec7c55e", "name": "filer_public_thumbnails\\filer_public/82/da/82da31a8-902d-46f0-b6b6-4ea45c400fb1\\large_banners_570x512_option_3.png__80x80_crop_subsampling-2.png", "modified": "2021-12-05T20:22:48.022Z", "source": 9}}, {"model": "easy_thumbnails.thumbnail", "pk": 43, "fields": {"storage_hash": "f9bde26a1556cd667f742bd34ec7c55e", "name": "filer_public_thumbnails\\filer_public/82/da/82da31a8-902d-46f0-b6b6-4ea45c400fb1\\large_banners_570x512_option_3.png__160x160_crop_subsampling-2.png", "modified": "2021-12-05T20:22:48.282Z", "source": 9}}, {"model": "easy_thumbnails.thumbnail", "pk": 44, "fields": {"storage_hash": "f9bde26a1556cd667f742bd34ec7c55e", "name": "filer_public_thumbnails\\filer_public/82/da/82da31a8-902d-46f0-b6b6-4ea45c400fb1\\large_banners_570x512_option_3.png__40x40_crop_subsampling-2.png", "modified": "2021-12-05T20:22:48.575Z", "source": 9}}, {"model": "easy_thumbnails.thumbnail", "pk": 45, "fields": {"storage_hash": "f9bde26a1556cd667f742bd34ec7c55e", "name": "filer_public_thumbnails\\filer_public/82/da/82da31a8-902d-46f0-b6b6-4ea45c400fb1\\large_banners_570x512_option_3.png__570.0x512.0_subsampling-2.png", "modified": "2021-12-05T20:22:56.415Z", "source": 9}}, {"model": "easy_thumbnails.thumbnail", "pk": 46, "fields": {"storage_hash": "f9bde26a1556cd667f742bd34ec7c55e", "name": "filer_public_thumbnails\\filer_public/b1/b7/b1b79e6d-6ba8-4e3c-ac72-321847dd5b4b\\boubyan_cards_hjpg__1440x480_q85_subsampling-2.jpg__180x180_q85_crop_subsampling-2_upscale.jpg", "modified": "2021-12-05T21:38:52.650Z", "source": 10}}, {"model": "easy_thumbnails.thumbnail", "pk": 47, "fields": {"storage_hash": "f9bde26a1556cd667f742bd34ec7c55e", "name": "filer_public_thumbnails\\filer_public/b1/b7/b1b79e6d-6ba8-4e3c-ac72-321847dd5b4b\\boubyan_cards_hjpg__1440x480_q85_subsampling-2.jpg__80x80_q85_crop_subsampling-2.jpg", "modified": "2021-12-05T21:38:53.222Z", "source": 10}}, {"model": "easy_thumbnails.thumbnail", "pk": 48, "fields": {"storage_hash": "f9bde26a1556cd667f742bd34ec7c55e", "name": "filer_public_thumbnails\\filer_public/b1/b7/b1b79e6d-6ba8-4e3c-ac72-321847dd5b4b\\boubyan_cards_hjpg__1440x480_q85_subsampling-2.jpg__160x160_q85_crop_subsampling-2.jpg", "modified": "2021-12-05T21:38:53.498Z", "source": 10}}, {"model": "easy_thumbnails.thumbnail", "pk": 49, "fields": {"storage_hash": "f9bde26a1556cd667f742bd34ec7c55e", "name": "filer_public_thumbnails\\filer_public/b1/b7/b1b79e6d-6ba8-4e3c-ac72-321847dd5b4b\\boubyan_cards_hjpg__1440x480_q85_subsampling-2.jpg__40x40_q85_crop_subsampling-2.jpg", "modified": "2021-12-05T21:38:53.798Z", "source": 10}}, {"model": "easy_thumbnails.thumbnail", "pk": 50, "fields": {"storage_hash": "f9bde26a1556cd667f742bd34ec7c55e", "name": "filer_public_thumbnails\\filer_public/b1/b7/b1b79e6d-6ba8-4e3c-ac72-321847dd5b4b\\boubyan_cards_hjpg__1440x480_q85_subsampling-2.jpg__1024.0x438.85714285714283_q85_crop-10_subsampling-2_upscale.jpg", "modified": "2021-12-05T21:39:04.241Z", "source": 10}}, {"model": "easy_thumbnails.thumbnail", "pk": 51, "fields": {"storage_hash": "f9bde26a1556cd667f742bd34ec7c55e", "name": "filer_public_thumbnails\\filer_public/92/f5/92f51447-6f64-48ad-8c6a-4c29071c87d9\\boubyan.png__180x180_crop_subsampling-2_upscale.png", "modified": "2021-12-05T23:09:16.112Z", "source": 11}}, {"model": "easy_thumbnails.thumbnail", "pk": 52, "fields": {"storage_hash": "f9bde26a1556cd667f742bd34ec7c55e", "name": "filer_public_thumbnails\\filer_public/92/f5/92f51447-6f64-48ad-8c6a-4c29071c87d9\\boubyan.png__80x80_crop_subsampling-2.png", "modified": "2021-12-05T23:09:16.823Z", "source": 11}}, {"model": "easy_thumbnails.thumbnail", "pk": 53, "fields": {"storage_hash": "f9bde26a1556cd667f742bd34ec7c55e", "name": "filer_public_thumbnails\\filer_public/92/f5/92f51447-6f64-48ad-8c6a-4c29071c87d9\\boubyan.png__160x160_crop_subsampling-2.png", "modified": "2021-12-05T23:09:17.042Z", "source": 11}}, {"model": "easy_thumbnails.thumbnail", "pk": 54, "fields": {"storage_hash": "f9bde26a1556cd667f742bd34ec7c55e", "name": "filer_public_thumbnails\\filer_public/92/f5/92f51447-6f64-48ad-8c6a-4c29071c87d9\\boubyan.png__40x40_crop_subsampling-2.png", "modified": "2021-12-05T23:09:17.329Z", "source": 11}}, {"model": "easy_thumbnails.thumbnail", "pk": 55, "fields": {"storage_hash": "f9bde26a1556cd667f742bd34ec7c55e", "name": "filer_public_thumbnails\\filer_public/34/54/34548dac-ee4d-404d-b58e-1859c27be541\\b_personal_boubyan_branches_hjpg__1440x480_q85_subsampling-2.jpg__180x180_q85_crop_subsampling-2_upscale.jpg", "modified": "2021-12-05T23:34:45.101Z", "source": 12}}, {"model": "easy_thumbnails.thumbnail", "pk": 56, "fields": {"storage_hash": "f9bde26a1556cd667f742bd34ec7c55e", "name": "filer_public_thumbnails\\filer_public/34/54/34548dac-ee4d-404d-b58e-1859c27be541\\b_personal_boubyan_branches_hjpg__1440x480_q85_subsampling-2.jpg__80x80_q85_crop_subsampling-2.jpg", "modified": "2021-12-05T23:34:45.842Z", "source": 12}}, {"model": "easy_thumbnails.thumbnail", "pk": 57, "fields": {"storage_hash": "f9bde26a1556cd667f742bd34ec7c55e", "name": "filer_public_thumbnails\\filer_public/34/54/34548dac-ee4d-404d-b58e-1859c27be541\\b_personal_boubyan_branches_hjpg__1440x480_q85_subsampling-2.jpg__160x160_q85_crop_subsampling-2.jpg", "modified": "2021-12-05T23:34:46.067Z", "source": 12}}, {"model": "easy_thumbnails.thumbnail", "pk": 58, "fields": {"storage_hash": "f9bde26a1556cd667f742bd34ec7c55e", "name": "filer_public_thumbnails\\filer_public/34/54/34548dac-ee4d-404d-b58e-1859c27be541\\b_personal_boubyan_branches_hjpg__1440x480_q85_subsampling-2.jpg__40x40_q85_crop_subsampling-2.jpg", "modified": "2021-12-05T23:34:46.363Z", "source": 12}}, {"model": "easy_thumbnails.thumbnail", "pk": 59, "fields": {"storage_hash": "f9bde26a1556cd667f742bd34ec7c55e", "name": "filer_public_thumbnails\\filer_public/34/54/34548dac-ee4d-404d-b58e-1859c27be541\\b_personal_boubyan_branches_hjpg__1440x480_q85_subsampling-2.jpg__1440.0x480.0_q85_subsampling-2.jpg", "modified": "2021-12-05T23:34:58.306Z", "source": 12}}, {"model": "easy_thumbnails.thumbnail", "pk": 60, "fields": {"storage_hash": "f9bde26a1556cd667f742bd34ec7c55e", "name": "filer_public_thumbnails\\filer_public/19/c8/19c81e2e-56d6-423e-afd6-9f6310be0d79\\boubyan_mastercardworld_t.jpg__180x180_q85_crop_subsampling-2_upscale.jpg", "modified": "2021-12-06T11:21:09.881Z", "source": 13}}, {"model": "easy_thumbnails.thumbnail", "pk": 61, "fields": {"storage_hash": "f9bde26a1556cd667f742bd34ec7c55e", "name": "filer_public_thumbnails\\filer_public/19/c8/19c81e2e-56d6-423e-afd6-9f6310be0d79\\boubyan_mastercardworld_t.jpg__80x80_q85_crop_subsampling-2.jpg", "modified": "2021-12-06T11:21:10.200Z", "source": 13}}, {"model": "easy_thumbnails.thumbnail", "pk": 62, "fields": {"storage_hash": "f9bde26a1556cd667f742bd34ec7c55e", "name": "filer_public_thumbnails\\filer_public/19/c8/19c81e2e-56d6-423e-afd6-9f6310be0d79\\boubyan_mastercardworld_t.jpg__160x160_q85_crop_subsampling-2.jpg", "modified": "2021-12-06T11:21:10.262Z", "source": 13}}, {"model": "easy_thumbnails.thumbnail", "pk": 63, "fields": {"storage_hash": "f9bde26a1556cd667f742bd34ec7c55e", "name": "filer_public_thumbnails\\filer_public/19/c8/19c81e2e-56d6-423e-afd6-9f6310be0d79\\boubyan_mastercardworld_t.jpg__40x40_q85_crop_subsampling-2.jpg", "modified": "2021-12-06T11:21:10.339Z", "source": 13}}, {"model": "easy_thumbnails.thumbnail", "pk": 64, "fields": {"storage_hash": "f9bde26a1556cd667f742bd34ec7c55e", "name": "filer_public_thumbnails\\filer_public/19/c8/19c81e2e-56d6-423e-afd6-9f6310be0d79\\boubyan_mastercardworld_t.jpg__624.0x420.0_q85_subsampling-2.jpg", "modified": "2021-12-06T11:21:19.729Z", "source": 13}}, {"model": "djangocms_text_ckeditor.text", "pk": 5, "fields": {"body": "<p>\u00a0</p>\n\n<p>\u00a9 Copyright 2021. Boubyan Bank. All Rights Reserved</p>"}}, {"model": "djangocms_text_ckeditor.text", "pk": 9, "fields": {"body": "<h1><small><strong><big>Welcome To Boubyan</big></strong></small></h1>"}}, {"model": "djangocms_text_ckeditor.text", "pk": 21, "fields": {"body": "<p>lorem ipsum lorem ipsum lorem ipsum</p>\n\n<p><cms-plugin alt=\"Link / Button - 399 \" title=\"Link / Button - 399\" id=\"399\"></cms-plugin></p>"}}, {"model": "djangocms_text_ckeditor.text", "pk": 101, "fields": {"body": "<h1><big><strong>Open your Boubyan Account anytime, </strong></big></h1>\n\n<h1><big><strong>anywhere!</strong></big></h1>\n\n<h4>Become a customer and open an account directly through the Boubyan App without the need to visit a branch!</h4>\n\n<p><cms-plugin alt=\"Link / Button - 102 \" title=\"Link / Button - 102\" id=\"102\"></cms-plugin></p>\n\n<p>\u00a0</p>\n\n<div class=\"owl-stage-outer\">\n<div class=\"owl-stage\" style=\"\">\u00a0</div>\n</div>\n\n<p>\u00a0</p>\n\n<p>\u00a0</p>\n\n<div class=\"owl-dots\">\u00a0</div>\n\n<div class=\"container\">\n<div class=\"Msa3adFirstChatSpace \" style=\"width: 298px; height: 80px; margin-top: 0; margin-right: 0;\">\n<section class=\"Msa3adFirstChatSpaceSection \">\n<ul class=\"Msa3ad__messages_FirstChatSpace\">\n</ul>\n</section>\n</div>\n</div>"}}, {"model": "djangocms_text_ckeditor.text", "pk": 113, "fields": {"body": "<h1><strong><big>Tap and Win using Boubyan Credit Cards</big></strong></h1>\n\n<h3 style=\"color: #aaaaaa; font-style: italic;\">Use your Boubyan Bank credit card or prepaid card locally and internationally to get chances to be a winner in our Mega Draw</h3>\n\n<p><cms-plugin alt=\"Link / Button - 114 \" title=\"Link / Button - 114\" id=\"114\"></cms-plugin></p>\n\n<p>\u00a0</p>\n\n<div class=\"owl-stage-outer\">\n<div class=\"owl-stage\" style=\"\">\u00a0</div>\n</div>\n\n<p>\u00a0</p>\n\n<p>\u00a0</p>\n\n<div class=\"owl-dots\">\u00a0</div>\n\n<div class=\"container\">\n<div class=\"Msa3adFirstChatSpace \" style=\"width: 298px; height: 80px; margin-top: 0; margin-right: 0;\">\n<section class=\"Msa3adFirstChatSpaceSection \">\n<ul class=\"Msa3ad__messages_FirstChatSpace\">\n</ul>\n</section>\n</div>\n</div>\n\n<div id=\"simple-translate\">\n<div>\n<div class=\"simple-translate-button isShow\" style=\"height: 22px; width: 22px;\">\u00a0</div>\n\n<div class=\"simple-translate-panel \" style=\"width: 300px; height: 200px; font-size: 13px; background-color: rgb(255, 255, 255);\">\n<div class=\"simple-translate-result-wrapper\" style=\"overflow: hidden;\">\n<div class=\"simple-translate-move\" draggable=\"true\">\u00a0</div>\n\n<div class=\"simple-translate-result-contents\">\n<p class=\"simple-translate-result\" dir=\"auto\" style=\"color: rgb(0, 0, 0);\">\u00a0</p>\n\n<p class=\"simple-translate-candidate\" dir=\"auto\" style=\"color: rgb(115, 115, 115);\">\u00a0</p>\n</div>\n</div>\n</div>\n</div>\n</div>"}}, {"model": "djangocms_text_ckeditor.text", "pk": 145, "fields": {"body": "<h1><strong>Open your Boubyan Account anytime,</strong></h1>\n\n<h1><strong>anywhere!</strong></h1>\n\n<p><big>Become a customer and open an account directly through the Boubyan App without the need to visit a branch! </big></p>\n\n<p><cms-plugin alt=\"Link / Button - 146 \" title=\"Link / Button - 146\" id=\"146\"></cms-plugin></p>"}}, {"model": "djangocms_text_ckeditor.text", "pk": 157, "fields": {"body": "<h1><strong>Tap and Win using Boubyan Credit Cards</strong></h1>\n\n<p><big>Use your Boubyan Bank credit card or prepaid card locally and internationally to get chances to be a winner in our Mega Draw</big></p>\n\n<p>\u00a0</p>\n\n<p><cms-plugin alt=\"Link / Button - 158 \" title=\"Link / Button - 158\" id=\"158\"></cms-plugin></p>"}}, {"model": "djangocms_text_ckeditor.text", "pk": 172, "fields": {"body": "<h1>The New Boubyan Rewards Program</h1>\n\n<p><big>Enjoy a world of rewards with the best credit card rewards program in Kuwait</big></p>\n\n<p><cms-plugin alt=\"Link / Button - 173 \" title=\"Link / Button - 173\" id=\"173\"></cms-plugin></p>\n\n<div id=\"simple-translate\">\n<div>\n<div class=\"simple-translate-button isShow\" style=\"height: 22px; width: 22px;\">\u00a0</div>\n\n<div class=\"simple-translate-panel \" style=\"width: 300px; height: 200px; font-size: 13px; background-color: rgb(255, 255, 255);\">\n<div class=\"simple-translate-result-wrapper\" style=\"overflow: hidden;\">\n<div class=\"simple-translate-move\" draggable=\"true\">\u00a0</div>\n\n<div class=\"simple-translate-result-contents\">\n<p class=\"simple-translate-result\" dir=\"auto\" style=\"color: rgb(0, 0, 0);\">\u00a0</p>\n\n<p class=\"simple-translate-candidate\" dir=\"auto\" style=\"color: rgb(115, 115, 115);\">\u00a0</p>\n</div>\n</div>\n</div>\n</div>\n</div>"}}, {"model": "djangocms_text_ckeditor.text", "pk": 246, "fields": {"body": "<p>lorem ipsum lorem ipsum lorem ipsum</p>\n\n<p><cms-plugin alt=\"Link / Button - 400 \" title=\"Link / Button - 400\" id=\"400\"></cms-plugin></p>\n\n<div id=\"simple-translate\">\n<div>\n<div class=\"simple-translate-button isShow\" style=\"height: 22px; width: 22px;\">\u00a0</div>\n\n<div class=\"simple-translate-panel \" style=\"width: 300px; height: 200px; font-size: 13px; background-color: rgb(255, 255, 255);\">\n<div class=\"simple-translate-result-wrapper\" style=\"overflow: hidden;\">\n<div class=\"simple-translate-move\" draggable=\"true\">\u00a0</div>\n\n<div class=\"simple-translate-result-contents\">\n<p class=\"simple-translate-result\" dir=\"auto\" style=\"color: rgb(0, 0, 0);\">\u00a0</p>\n\n<p class=\"simple-translate-candidate\" dir=\"auto\" style=\"color: rgb(115, 115, 115);\">\u00a0</p>\n</div>\n</div>\n</div>\n</div>\n</div>"}}, {"model": "djangocms_text_ckeditor.text", "pk": 253, "fields": {"body": "<p>lorem ipsum lorem ipsum lorem ipsum</p>\n\n<p><cms-plugin alt=\"Link / Button - 398 \" title=\"Link / Button - 398\" id=\"398\"></cms-plugin></p>\n\n<div id=\"simple-translate\">\n<div>\n<div class=\"simple-translate-button isShow\" style=\"\">\u00a0</div>\n\n<div class=\"simple-translate-panel \" style=\"width: 300px; height: 200px; font-size: 13px; background-color: rgb(255, 255, 255);\">\n<div class=\"simple-translate-result-wrapper\" style=\"overflow: hidden;\">\n<div class=\"simple-translate-move\" draggable=\"true\">\u00a0</div>\n\n<div class=\"simple-translate-result-contents\">\n<p class=\"simple-translate-result\" dir=\"auto\" style=\"color: rgb(0, 0, 0);\">\u00a0</p>\n\n<p class=\"simple-translate-candidate\" dir=\"auto\" style=\"color: rgb(115, 115, 115);\">\u00a0</p>\n</div>\n</div>\n</div>\n</div>\n</div>"}}, {"model": "djangocms_text_ckeditor.text", "pk": 384, "fields": {"body": "<h1><span style=\"color: #54585a;\"><strong>Branches</strong></span></h1>\n\n<h2><span style=\"color: #54585a;\">We serve you wherever you are</span></h2>\n\n<p>Our large network of 43 branches are located in various areas of Kuwait giving\u00a0you access to a comfortable banking experience. In addition, Boubyan Bank's online presence offers a wide range of services.\u00a0</p>\n\n<p>You can now use Boubyan's Appointment Booking Service for a safe and convenient way to visit our branches. Check out the map to locate your nearest Boubyan Bank branch.</p>\n\n<p><cms-plugin alt=\"Link / Button - 385 \" title=\"Link / Button - 385\" id=\"385\"></cms-plugin></p>"}}, {"model": "djangocms_text_ckeditor.text", "pk": 731, "fields": {"body": "<p>\u00a0</p>\n\n<p>\u00a9 Copyright 2021. Boubyan Bank. All Rights Reserved</p>"}}, {"model": "djangocms_text_ckeditor.text", "pk": 735, "fields": {"body": "<p>\u00a0</p>\n\n<p>\u00a9 Copyright 2021. Boubyan Bank. All Rights Reserved</p>"}}, {"model": "djangocms_text_ckeditor.text", "pk": 918, "fields": {"body": "<h1><strong>Open your Boubyan Account anytime,</strong></h1>\n\n<h1><strong>anywhere!</strong></h1>\n\n<p><big>Become a customer and open an account directly through the Boubyan App without the need to visit a branch! </big></p>\n\n<p><cms-plugin alt=\"Link / Button - 919 \" title=\"Link / Button - 919\" id=\"919\"></cms-plugin></p>"}}, {"model": "djangocms_text_ckeditor.text", "pk": 925, "fields": {"body": "<h1><strong>Tap and Win using Boubyan Credit Cards</strong></h1>\n\n<p><big>Use your Boubyan Bank credit card or prepaid card locally and internationally to get chances to be a winner in our Mega Draw</big></p>\n\n<p>\u00a0</p>\n\n<p><cms-plugin alt=\"Link / Button - 926 \" title=\"Link / Button - 926\" id=\"926\"></cms-plugin></p>"}}, {"model": "djangocms_text_ckeditor.text", "pk": 932, "fields": {"body": "<h1>The New Boubyan Rewards Program</h1>\n\n<p><big>Enjoy a world of rewards with the best credit card rewards program in Kuwait</big></p>\n\n<p><cms-plugin alt=\"Link / Button - 933 \" title=\"Link / Button - 933\" id=\"933\"></cms-plugin></p>\n\n<div id=\"simple-translate\">\n<div>\n<div class=\"simple-translate-button isShow\" style=\"height: 22px; width: 22px;\">\u00a0</div>\n\n<div class=\"simple-translate-panel \" style=\"width: 300px; height: 200px; font-size: 13px; background-color: rgb(255, 255, 255);\">\n<div class=\"simple-translate-result-wrapper\" style=\"overflow: hidden;\">\n<div class=\"simple-translate-move\" draggable=\"true\">\u00a0</div>\n\n<div class=\"simple-translate-result-contents\">\n<p class=\"simple-translate-result\" dir=\"auto\" style=\"color: rgb(0, 0, 0);\">\u00a0</p>\n\n<p class=\"simple-translate-candidate\" dir=\"auto\" style=\"color: rgb(115, 115, 115);\">\u00a0</p>\n</div>\n</div>\n</div>\n</div>\n</div>"}}, {"model": "djangocms_text_ckeditor.text", "pk": 942, "fields": {"body": "<p>lorem ipsum lorem ipsum lorem ipsum</p>\n\n<p><cms-plugin alt=\"Link / Button - 943 \" title=\"Link / Button - 943\" id=\"943\"></cms-plugin></p>"}}, {"model": "djangocms_text_ckeditor.text", "pk": 950, "fields": {"body": "<p>lorem ipsum lorem ipsum lorem ipsum</p>\n\n<p><cms-plugin alt=\"Link / Button - 951 \" title=\"Link / Button - 951\" id=\"951\"></cms-plugin></p>\n\n<div id=\"simple-translate\">\n<div>\n<div class=\"simple-translate-button isShow\" style=\"height: 22px; width: 22px;\">\u00a0</div>\n\n<div class=\"simple-translate-panel \" style=\"width: 300px; height: 200px; font-size: 13px; background-color: rgb(255, 255, 255);\">\n<div class=\"simple-translate-result-wrapper\" style=\"overflow: hidden;\">\n<div class=\"simple-translate-move\" draggable=\"true\">\u00a0</div>\n\n<div class=\"simple-translate-result-contents\">\n<p class=\"simple-translate-result\" dir=\"auto\" style=\"color: rgb(0, 0, 0);\">\u00a0</p>\n\n<p class=\"simple-translate-candidate\" dir=\"auto\" style=\"color: rgb(115, 115, 115);\">\u00a0</p>\n</div>\n</div>\n</div>\n</div>\n</div>"}}, {"model": "djangocms_text_ckeditor.text", "pk": 958, "fields": {"body": "<p>lorem ipsum lorem ipsum lorem ipsum</p>\n\n<p><cms-plugin alt=\"Link / Button - 959 \" title=\"Link / Button - 959\" id=\"959\"></cms-plugin></p>\n\n<div id=\"simple-translate\">\n<div>\n<div class=\"simple-translate-button isShow\" style=\"\">\u00a0</div>\n\n<div class=\"simple-translate-panel \" style=\"width: 300px; height: 200px; font-size: 13px; background-color: rgb(255, 255, 255);\">\n<div class=\"simple-translate-result-wrapper\" style=\"overflow: hidden;\">\n<div class=\"simple-translate-move\" draggable=\"true\">\u00a0</div>\n\n<div class=\"simple-translate-result-contents\">\n<p class=\"simple-translate-result\" dir=\"auto\" style=\"color: rgb(0, 0, 0);\">\u00a0</p>\n\n<p class=\"simple-translate-candidate\" dir=\"auto\" style=\"color: rgb(115, 115, 115);\">\u00a0</p>\n</div>\n</div>\n</div>\n</div>\n</div>"}}, {"model": "djangocms_text_ckeditor.text", "pk": 971, "fields": {"body": "<h1><small><strong><big>Welcome To Boubyan</big></strong></small></h1>"}}, {"model": "djangocms_text_ckeditor.text", "pk": 981, "fields": {"body": "<h1><big><strong>Open your Boubyan Account anytime, </strong></big></h1>\n\n<h1><big><strong>anywhere!</strong></big></h1>\n\n<h4>Become a customer and open an account directly through the Boubyan App without the need to visit a branch!</h4>\n\n<p><cms-plugin alt=\"Link / Button - 982 \" title=\"Link / Button - 982\" id=\"982\"></cms-plugin></p>\n\n<p>\u00a0</p>\n\n<div class=\"owl-stage-outer\">\n<div class=\"owl-stage\" style=\"\">\u00a0</div>\n</div>\n\n<p>\u00a0</p>\n\n<p>\u00a0</p>\n\n<div class=\"owl-dots\">\u00a0</div>\n\n<div class=\"container\">\n<div class=\"Msa3adFirstChatSpace \" style=\"width: 298px; height: 80px; margin-top: 0; margin-right: 0;\">\n<section class=\"Msa3adFirstChatSpaceSection \">\n<ul class=\"Msa3ad__messages_FirstChatSpace\">\n</ul>\n</section>\n</div>\n</div>"}}, {"model": "djangocms_text_ckeditor.text", "pk": 987, "fields": {"body": "<h1><strong><big>Tap and Win using Boubyan Credit Cards</big></strong></h1>\n\n<h3 style=\"color: #aaaaaa; font-style: italic;\">Use your Boubyan Bank credit card or prepaid card locally and internationally to get chances to be a winner in our Mega Draw</h3>\n\n<p><cms-plugin alt=\"Link / Button - 988 \" title=\"Link / Button - 988\" id=\"988\"></cms-plugin></p>\n\n<p>\u00a0</p>\n\n<div class=\"owl-stage-outer\">\n<div class=\"owl-stage\" style=\"\">\u00a0</div>\n</div>\n\n<p>\u00a0</p>\n\n<p>\u00a0</p>\n\n<div class=\"owl-dots\">\u00a0</div>\n\n<div class=\"container\">\n<div class=\"Msa3adFirstChatSpace \" style=\"width: 298px; height: 80px; margin-top: 0; margin-right: 0;\">\n<section class=\"Msa3adFirstChatSpaceSection \">\n<ul class=\"Msa3ad__messages_FirstChatSpace\">\n</ul>\n</section>\n</div>\n</div>\n\n<div id=\"simple-translate\">\n<div>\n<div class=\"simple-translate-button isShow\" style=\"height: 22px; width: 22px;\">\u00a0</div>\n\n<div class=\"simple-translate-panel \" style=\"width: 300px; height: 200px; font-size: 13px; background-color: rgb(255, 255, 255);\">\n<div class=\"simple-translate-result-wrapper\" style=\"overflow: hidden;\">\n<div class=\"simple-translate-move\" draggable=\"true\">\u00a0</div>\n\n<div class=\"simple-translate-result-contents\">\n<p class=\"simple-translate-result\" dir=\"auto\" style=\"color: rgb(0, 0, 0);\">\u00a0</p>\n\n<p class=\"simple-translate-candidate\" dir=\"auto\" style=\"color: rgb(115, 115, 115);\">\u00a0</p>\n</div>\n</div>\n</div>\n</div>\n</div>"}}, {"model": "djangocms_text_ckeditor.text", "pk": 992, "fields": {"body": "<p>\u00a0</p>\n\n<p>\u00a9 Copyright 2021. Boubyan Bank. All Rights Reserved</p>"}}, {"model": "djangocms_text_ckeditor.text", "pk": 998, "fields": {"body": "<h1><span style=\"color: #54585a;\"><strong>Branches</strong></span></h1>\n\n<h2><span style=\"color: #54585a;\">We serve you wherever you are</span></h2>\n\n<p>Our large network of 43 branches are located in various areas of Kuwait giving\u00a0you access to a comfortable banking experience. In addition, Boubyan Bank's online presence offers a wide range of services.\u00a0</p>\n\n<p>You can now use Boubyan's Appointment Booking Service for a safe and convenient way to visit our branches. Check out the map to locate your nearest Boubyan Bank branch.</p>\n\n<p><cms-plugin alt=\"Link / Button - 999 \" title=\"Link / Button - 999\" id=\"999\"></cms-plugin></p>"}}, {"model": "djangocms_video.videoplayer", "pk": 672, "fields": {"template": "default", "label": "introduction", "embed_link": "//www.youtube.com/embed/X0Bi4uj9rts", "parameters": {}, "poster": null, "attributes": {}}}, {"model": "djangocms_video.videoplayer", "pk": 975, "fields": {"template": "default", "label": "introduction", "embed_link": "//www.youtube.com/embed/X0Bi4uj9rts", "parameters": {}, "poster": null, "attributes": {}}}, {"model": "djangocms_googlemap.googlemap", "pk": 377, "fields": {"template": "default", "title": "our main branch", "width": "100%", "height": "400px", "style": "", "lat": 29.362924711689214, "lng": 47.96121804670517, "zoom": 13, "map_type_control": "ROADMAP", "zoom_control": true, "street_view_control": true, "rotate_control": true, "scale_control": true, "fullscreen_control": true, "pan_control": true, "double_click_zoom": true, "draggable": true, "keyboard_shortcuts": true, "scrollwheel": true}}, {"model": "djangocms_googlemap.googlemap", "pk": 996, "fields": {"template": "default", "title": "our main branch", "width": "100%", "height": "400px", "style": "", "lat": 29.362924711689214, "lng": 47.96121804670517, "zoom": 13, "map_type_control": "ROADMAP", "zoom_control": true, "street_view_control": true, "rotate_control": true, "scale_control": true, "fullscreen_control": true, "pan_control": true, "double_click_zoom": true, "draggable": true, "keyboard_shortcuts": true, "scrollwheel": true}}, {"model": "djangocms_snippet.snippet", "pk": 1, "fields": {"name": "navbar", "html": "<style type='text/css'>\r\n.bg-light{\r\n   background-color: #d5d8db !important;\r\n}\r\n#service_image img{\r\n    border-radius: 10%;\r\n}\r\n#video_introduction iframe{\r\n    width:100% !important;\r\n       height:200% !important;\r\n}\r\n</style>\r\n\r\n\r\n    <nav class=\"navbar navbar-expand-lg navbar-light bg-light\">\r\n      <a class=\"navbar-brand\" href=\"/\">Boubyn Bank</a>\r\n      <button class=\"navbar-toggler\" type=\"button\" data-toggle=\"collapse\" data-target=\"#navbarSupportedContent\" aria-controls=\"navbarSupportedContent\" aria-expanded=\"false\" aria-label=\"Toggle navigation\">\r\n        <span class=\"navbar-toggler-icon\"></span>\r\n      </button>\r\n    \r\n      <div class=\"collapse navbar-collapse\" id=\"navbarSupportedContent\">\r\n        <ul class=\"navbar-nav mr-auto\">\r\n      \r\n          <li class=\"nav-item\">\r\n            <a class=\"nav-link\" href=\"/\">Home</a>\r\n          </li>\r\n    \r\n          \r\n          <li class=\"nav-item\">\r\n            <a class=\"nav-link\" href=\"/service\">Service</a>\r\n          </li>\r\n          <li class=\"nav-item\">\r\n            <a class=\"nav-link\" href=\"/map\">Map</a>\r\n          </li>\r\n        </ul>\r\n       \r\n      </div>\r\n    </nav>", "template": "", "slug": "navbar"}}, {"model": "djangocms_snippet.snippetptr", "pk": 558, "fields": {"snippet": 1}}, {"model": "djangocms_snippet.snippetptr", "pk": 934, "fields": {"snippet": 1}}, {"model": "djangocms_style.style", "pk": 2, "fields": {"template": "default", "label": "Footer", "tag_type": "footer", "class_name": "container", "additional_classes": "", "id_name": "footer_cms", "attributes": {}, "padding_top": null, "padding_right": null, "padding_bottom": null, "padding_left": null, "margin_top": 100, "margin_right": null, "margin_bottom": null, "margin_left": null}}, {"model": "djangocms_style.style", "pk": 6, "fields": {"template": "default", "label": "Welcome", "tag_type": "div", "class_name": "container", "additional_classes": "", "id_name": "", "attributes": {}, "padding_top": 40, "padding_right": null, "padding_bottom": null, "padding_left": null, "margin_top": null, "margin_right": null, "margin_bottom": null, "margin_left": null}}, {"model": "djangocms_style.style", "pk": 77, "fields": {"template": "default", "label": "carousel", "tag_type": "div", "class_name": "container", "additional_classes": "", "id_name": "", "attributes": {}, "padding_top": null, "padding_right": null, "padding_bottom": null, "padding_left": null, "margin_top": null, "margin_right": null, "margin_bottom": null, "margin_left": null}}, {"model": "djangocms_style.style", "pk": 84, "fields": {"template": "default", "label": "header", "tag_type": "div", "class_name": "container", "additional_classes": "", "id_name": "", "attributes": {}, "padding_top": 20, "padding_right": null, "padding_bottom": 10, "padding_left": null, "margin_top": null, "margin_right": null, "margin_bottom": null, "margin_left": null}}, {"model": "djangocms_style.style", "pk": 95, "fields": {"template": "default", "label": "service 1", "tag_type": "div", "class_name": "container", "additional_classes": "", "id_name": "", "attributes": {}, "padding_top": null, "padding_right": null, "padding_bottom": null, "padding_left": null, "margin_top": 50, "margin_right": null, "margin_bottom": null, "margin_left": null}}, {"model": "djangocms_style.style", "pk": 115, "fields": {"template": "default", "label": "carousel", "tag_type": "div", "class_name": "container", "additional_classes": "", "id_name": "", "attributes": {}, "padding_top": null, "padding_right": null, "padding_bottom": null, "padding_left": null, "margin_top": null, "margin_right": null, "margin_bottom": null, "margin_left": null}}, {"model": "djangocms_style.style", "pk": 141, "fields": {"template": "default", "label": "service 1", "tag_type": "div", "class_name": "container", "additional_classes": "", "id_name": "service_image", "attributes": {}, "padding_top": null, "padding_right": null, "padding_bottom": null, "padding_left": null, "margin_top": 20, "margin_right": null, "margin_bottom": 20, "margin_left": null}}, {"model": "djangocms_style.style", "pk": 159, "fields": {"template": "default", "label": "", "tag_type": "div", "class_name": "container", "additional_classes": "", "id_name": "", "attributes": {}, "padding_top": null, "padding_right": null, "padding_bottom": null, "padding_left": null, "margin_top": 50, "margin_right": null, "margin_bottom": null, "margin_left": null}}, {"model": "djangocms_style.style", "pk": 167, "fields": {"template": "default", "label": "", "tag_type": "div", "class_name": "container", "additional_classes": "", "id_name": "", "attributes": {}, "padding_top": null, "padding_right": null, "padding_bottom": null, "padding_left": null, "margin_top": 50, "margin_right": null, "margin_bottom": null, "margin_left": null}}, {"model": "djangocms_style.style", "pk": 256, "fields": {"template": "default", "label": "asdsad", "tag_type": "div", "class_name": "content", "additional_classes": "", "id_name": "", "attributes": {}, "padding_top": null, "padding_right": null, "padding_bottom": null, "padding_left": null, "margin_top": 20, "margin_right": null, "margin_bottom": 20, "margin_left": null}}, {"model": "djangocms_style.style", "pk": 257, "fields": {"template": "default", "label": "asdsad", "tag_type": "div", "class_name": "content", "additional_classes": "", "id_name": "", "attributes": {}, "padding_top": null, "padding_right": null, "padding_bottom": null, "padding_left": null, "margin_top": 20, "margin_right": null, "margin_bottom": 20, "margin_left": null}}, {"model": "djangocms_style.style", "pk": 258, "fields": {"template": "default", "label": "asdsad", "tag_type": "div", "class_name": "content", "additional_classes": "", "id_name": "", "attributes": {}, "padding_top": null, "padding_right": null, "padding_bottom": null, "padding_left": null, "margin_top": 20, "margin_right": null, "margin_bottom": 20, "margin_left": null}}, {"model": "djangocms_style.style", "pk": 373, "fields": {"template": "default", "label": "map", "tag_type": "div", "class_name": "container", "additional_classes": "", "id_name": "", "attributes": {}, "padding_top": null, "padding_right": null, "padding_bottom": null, "padding_left": null, "margin_top": 20, "margin_right": null, "margin_bottom": 20, "margin_left": null}}, {"model": "djangocms_style.style", "pk": 378, "fields": {"template": "default", "label": "office", "tag_type": "div", "class_name": "container", "additional_classes": "", "id_name": "", "attributes": {}, "padding_top": null, "padding_right": null, "padding_bottom": null, "padding_left": null, "margin_top": 20, "margin_right": null, "margin_bottom": 20, "margin_left": null}}, {"model": "djangocms_style.style", "pk": 669, "fields": {"template": "default", "label": "video", "tag_type": "div", "class_name": "container", "additional_classes": "", "id_name": "video_introduction", "attributes": {}, "padding_top": null, "padding_right": null, "padding_bottom": null, "padding_left": null, "margin_top": 20, "margin_right": null, "margin_bottom": 50, "margin_left": null}}, {"model": "djangocms_style.style", "pk": 728, "fields": {"template": "default", "label": "Footer", "tag_type": "footer", "class_name": "container", "additional_classes": "", "id_name": "footer_cms", "attributes": {}, "padding_top": null, "padding_right": null, "padding_bottom": null, "padding_left": null, "margin_top": 100, "margin_right": null, "margin_bottom": null, "margin_left": null}}, {"model": "djangocms_style.style", "pk": 732, "fields": {"template": "default", "label": "fooer", "tag_type": "div", "class_name": "container", "additional_classes": "", "id_name": "", "attributes": {}, "padding_top": null, "padding_right": null, "padding_bottom": null, "padding_left": null, "margin_top": 120, "margin_right": null, "margin_bottom": 20, "margin_left": null}}, {"model": "djangocms_style.style", "pk": 913, "fields": {"template": "default", "label": "service 1", "tag_type": "div", "class_name": "container", "additional_classes": "", "id_name": "service_image", "attributes": {}, "padding_top": null, "padding_right": null, "padding_bottom": null, "padding_left": null, "margin_top": 20, "margin_right": null, "margin_bottom": 20, "margin_left": null}}, {"model": "djangocms_style.style", "pk": 920, "fields": {"template": "default", "label": "", "tag_type": "div", "class_name": "container", "additional_classes": "", "id_name": "", "attributes": {}, "padding_top": null, "padding_right": null, "padding_bottom": null, "padding_left": null, "margin_top": 50, "margin_right": null, "margin_bottom": null, "margin_left": null}}, {"model": "djangocms_style.style", "pk": 927, "fields": {"template": "default", "label": "", "tag_type": "div", "class_name": "container", "additional_classes": "", "id_name": "", "attributes": {}, "padding_top": null, "padding_right": null, "padding_bottom": null, "padding_left": null, "margin_top": 50, "margin_right": null, "margin_bottom": null, "margin_left": null}}, {"model": "djangocms_style.style", "pk": 935, "fields": {"template": "default", "label": "Welcome", "tag_type": "div", "class_name": "container", "additional_classes": "", "id_name": "", "attributes": {}, "padding_top": 40, "padding_right": null, "padding_bottom": null, "padding_left": null, "margin_top": null, "margin_right": null, "margin_bottom": null, "margin_left": null}}, {"model": "djangocms_style.style", "pk": 944, "fields": {"template": "default", "label": "asdsad", "tag_type": "div", "class_name": "content", "additional_classes": "", "id_name": "", "attributes": {}, "padding_top": null, "padding_right": null, "padding_bottom": null, "padding_left": null, "margin_top": 20, "margin_right": null, "margin_bottom": 20, "margin_left": null}}, {"model": "djangocms_style.style", "pk": 952, "fields": {"template": "default", "label": "asdsad", "tag_type": "div", "class_name": "content", "additional_classes": "", "id_name": "", "attributes": {}, "padding_top": null, "padding_right": null, "padding_bottom": null, "padding_left": null, "margin_top": 20, "margin_right": null, "margin_bottom": 20, "margin_left": null}}, {"model": "djangocms_style.style", "pk": 960, "fields": {"template": "default", "label": "carousel", "tag_type": "div", "class_name": "container", "additional_classes": "", "id_name": "", "attributes": {}, "padding_top": null, "padding_right": null, "padding_bottom": null, "padding_left": null, "margin_top": null, "margin_right": null, "margin_bottom": null, "margin_left": null}}, {"model": "djangocms_style.style", "pk": 968, "fields": {"template": "default", "label": "header", "tag_type": "div", "class_name": "container", "additional_classes": "", "id_name": "", "attributes": {}, "padding_top": 20, "padding_right": null, "padding_bottom": 10, "padding_left": null, "margin_top": null, "margin_right": null, "margin_bottom": null, "margin_left": null}}, {"model": "djangocms_style.style", "pk": 972, "fields": {"template": "default", "label": "video", "tag_type": "div", "class_name": "container", "additional_classes": "", "id_name": "video_introduction", "attributes": {}, "padding_top": null, "padding_right": null, "padding_bottom": null, "padding_left": null, "margin_top": 20, "margin_right": null, "margin_bottom": 50, "margin_left": null}}, {"model": "djangocms_style.style", "pk": 976, "fields": {"template": "default", "label": "service 1", "tag_type": "div", "class_name": "container", "additional_classes": "", "id_name": "", "attributes": {}, "padding_top": null, "padding_right": null, "padding_bottom": null, "padding_left": null, "margin_top": 50, "margin_right": null, "margin_bottom": null, "margin_left": null}}, {"model": "djangocms_style.style", "pk": 989, "fields": {"template": "default", "label": "fooer", "tag_type": "div", "class_name": "container", "additional_classes": "", "id_name": "", "attributes": {}, "padding_top": null, "padding_right": null, "padding_bottom": null, "padding_left": null, "margin_top": 120, "margin_right": null, "margin_bottom": 20, "margin_left": null}}, {"model": "djangocms_style.style", "pk": 993, "fields": {"template": "default", "label": "map", "tag_type": "div", "class_name": "container", "additional_classes": "", "id_name": "", "attributes": {}, "padding_top": null, "padding_right": null, "padding_bottom": null, "padding_left": null, "margin_top": 20, "margin_right": null, "margin_bottom": 20, "margin_left": null}}, {"model": "djangocms_style.style", "pk": 1000, "fields": {"template": "default", "label": "office", "tag_type": "div", "class_name": "container", "additional_classes": "", "id_name": "", "attributes": {}, "padding_top": null, "padding_right": null, "padding_bottom": null, "padding_left": null, "margin_top": 20, "margin_right": null, "margin_bottom": 20, "margin_left": null}}, {"model": "bootstrap4_card.bootstrap4card", "pk": 14, "fields": {"card_type": "card", "card_context": "secondary", "card_alignment": "", "card_outline": true, "card_text_color": "dark", "tag_type": "div", "attributes": {}}}, {"model": "bootstrap4_card.bootstrap4card", "pk": 242, "fields": {"card_type": "card", "card_context": "secondary", "card_alignment": "", "card_outline": true, "card_text_color": "dark", "tag_type": "div", "attributes": {}}}, {"model": "bootstrap4_card.bootstrap4card", "pk": 249, "fields": {"card_type": "card", "card_context": "secondary", "card_alignment": "", "card_outline": true, "card_text_color": "dark", "tag_type": "div", "attributes": {}}}, {"model": "bootstrap4_card.bootstrap4card", "pk": 938, "fields": {"card_type": "card", "card_context": "secondary", "card_alignment": "", "card_outline": true, "card_text_color": "dark", "tag_type": "div", "attributes": {}}}, {"model": "bootstrap4_card.bootstrap4card", "pk": 946, "fields": {"card_type": "card", "card_context": "secondary", "card_alignment": "", "card_outline": true, "card_text_color": "dark", "tag_type": "div", "attributes": {}}}, {"model": "bootstrap4_card.bootstrap4card", "pk": 954, "fields": {"card_type": "card", "card_context": "secondary", "card_alignment": "", "card_outline": true, "card_text_color": "dark", "tag_type": "div", "attributes": {}}}, {"model": "bootstrap4_card.bootstrap4cardinner", "pk": 16, "fields": {"inner_type": "card-header", "tag_type": "div", "attributes": {}}}, {"model": "bootstrap4_card.bootstrap4cardinner", "pk": 20, "fields": {"inner_type": "card-body", "tag_type": "div", "attributes": {}}}, {"model": "bootstrap4_card.bootstrap4cardinner", "pk": 243, "fields": {"inner_type": "card-header", "tag_type": "div", "attributes": {}}}, {"model": "bootstrap4_card.bootstrap4cardinner", "pk": 245, "fields": {"inner_type": "card-body", "tag_type": "div", "attributes": {}}}, {"model": "bootstrap4_card.bootstrap4cardinner", "pk": 250, "fields": {"inner_type": "card-header", "tag_type": "div", "attributes": {}}}, {"model": "bootstrap4_card.bootstrap4cardinner", "pk": 252, "fields": {"inner_type": "card-body", "tag_type": "div", "attributes": {}}}, {"model": "bootstrap4_card.bootstrap4cardinner", "pk": 939, "fields": {"inner_type": "card-header", "tag_type": "div", "attributes": {}}}, {"model": "bootstrap4_card.bootstrap4cardinner", "pk": 941, "fields": {"inner_type": "card-body", "tag_type": "div", "attributes": {}}}, {"model": "bootstrap4_card.bootstrap4cardinner", "pk": 947, "fields": {"inner_type": "card-header", "tag_type": "div", "attributes": {}}}, {"model": "bootstrap4_card.bootstrap4cardinner", "pk": 949, "fields": {"inner_type": "card-body", "tag_type": "div", "attributes": {}}}, {"model": "bootstrap4_card.bootstrap4cardinner", "pk": 955, "fields": {"inner_type": "card-header", "tag_type": "div", "attributes": {}}}, {"model": "bootstrap4_card.bootstrap4cardinner", "pk": 957, "fields": {"inner_type": "card-body", "tag_type": "div", "attributes": {}}}, {"model": "bootstrap4_carousel.bootstrap4carousel", "pk": 80, "fields": {"template": "default", "carousel_interval": 5000, "carousel_controls": true, "carousel_indicators": true, "carousel_keyboard": true, "carousel_pause": "hover", "carousel_ride": "carousel", "carousel_wrap": true, "carousel_aspect_ratio": "21x9", "tag_type": "div", "attributes": {}}}, {"model": "bootstrap4_carousel.bootstrap4carousel", "pk": 119, "fields": {"template": "default", "carousel_interval": 5000, "carousel_controls": true, "carousel_indicators": true, "carousel_keyboard": true, "carousel_pause": "hover", "carousel_ride": "carousel", "carousel_wrap": true, "carousel_aspect_ratio": "21x9", "tag_type": "div", "attributes": {}}}, {"model": "bootstrap4_carousel.bootstrap4carousel", "pk": 963, "fields": {"template": "default", "carousel_interval": 5000, "carousel_controls": true, "carousel_indicators": true, "carousel_keyboard": true, "carousel_pause": "hover", "carousel_ride": "carousel", "carousel_wrap": true, "carousel_aspect_ratio": "21x9", "tag_type": "div", "attributes": {}}}, {"model": "bootstrap4_carousel.bootstrap4carouselslide", "pk": 81, "fields": {"template": "default", "name": "", "external_link": "", "internal_link": null, "file_link": null, "anchor": "", "mailto": "", "phone": "", "target": "", "attributes": {}, "carousel_image": 4, "carousel_content": "", "tag_type": "div"}}, {"model": "bootstrap4_carousel.bootstrap4carouselslide", "pk": 82, "fields": {"template": "default", "name": "", "external_link": "", "internal_link": null, "file_link": null, "anchor": "", "mailto": "", "phone": "", "target": "", "attributes": {}, "carousel_image": 5, "carousel_content": "", "tag_type": "div"}}, {"model": "bootstrap4_carousel.bootstrap4carouselslide", "pk": 83, "fields": {"template": "default", "name": "", "external_link": "", "internal_link": null, "file_link": null, "anchor": "", "mailto": "", "phone": "", "target": "", "attributes": {}, "carousel_image": 6, "carousel_content": "", "tag_type": "div"}}, {"model": "bootstrap4_carousel.bootstrap4carouselslide", "pk": 120, "fields": {"template": "default", "name": "", "external_link": "", "internal_link": null, "file_link": null, "anchor": "", "mailto": "", "phone": "", "target": "", "attributes": {}, "carousel_image": 5, "carousel_content": "", "tag_type": "div"}}, {"model": "bootstrap4_carousel.bootstrap4carouselslide", "pk": 175, "fields": {"template": "default", "name": "", "external_link": "", "internal_link": null, "file_link": null, "anchor": "", "mailto": "", "phone": "", "target": "", "attributes": {}, "carousel_image": 10, "carousel_content": "<h2>Cards made to suit your lifestyle and all your banking needs. Apply today to take advantage of Boubyan\u2019s latest offers and services.</h2>\n\n<h2>\u00a0</h2>\n\n<div id=\"simple-translate\">\n<div>\n<div class=\"simple-translate-button isShow\" style=\"\">\u00a0</div>\n\n<div class=\"simple-translate-panel \" style=\"width: 300px; height: 200px; font-size: 13px; background-color: rgb(255, 255, 255);\">\n<div class=\"simple-translate-result-wrapper\" style=\"overflow: hidden;\">\n<div class=\"simple-translate-move\" draggable=\"true\">\u00a0</div>\n\n<div class=\"simple-translate-result-contents\">\n<p class=\"simple-translate-result\" dir=\"auto\" style=\"color: rgb(0, 0, 0);\">\u00a0</p>\n\n<p class=\"simple-translate-candidate\" dir=\"auto\" style=\"color: rgb(115, 115, 115);\">\u00a0</p>\n</div>\n</div>\n</div>\n</div>\n</div>", "tag_type": "div"}}, {"model": "bootstrap4_carousel.bootstrap4carouselslide", "pk": 964, "fields": {"template": "default", "name": "", "external_link": "", "internal_link": null, "file_link": null, "anchor": "", "mailto": "", "phone": "", "target": "", "attributes": {}, "carousel_image": 4, "carousel_content": "", "tag_type": "div"}}, {"model": "bootstrap4_carousel.bootstrap4carouselslide", "pk": 965, "fields": {"template": "default", "name": "", "external_link": "", "internal_link": null, "file_link": null, "anchor": "", "mailto": "", "phone": "", "target": "", "attributes": {}, "carousel_image": 5, "carousel_content": "", "tag_type": "div"}}, {"model": "bootstrap4_carousel.bootstrap4carouselslide", "pk": 966, "fields": {"template": "default", "name": "", "external_link": "", "internal_link": null, "file_link": null, "anchor": "", "mailto": "", "phone": "", "target": "", "attributes": {}, "carousel_image": 6, "carousel_content": "", "tag_type": "div"}}, {"model": "bootstrap4_carousel.bootstrap4carouselslide", "pk": 967, "fields": {"template": "default", "name": "", "external_link": "", "internal_link": null, "file_link": null, "anchor": "", "mailto": "", "phone": "", "target": "", "attributes": {}, "carousel_image": 10, "carousel_content": "<h2>Cards made to suit your lifestyle and all your banking needs. Apply today to take advantage of Boubyan\u2019s latest offers and services.</h2>\n\n<h2>\u00a0</h2>\n\n<div id=\"simple-translate\">\n<div>\n<div class=\"simple-translate-button isShow\" style=\"\">\u00a0</div>\n\n<div class=\"simple-translate-panel \" style=\"width: 300px; height: 200px; font-size: 13px; background-color: rgb(255, 255, 255);\">\n<div class=\"simple-translate-result-wrapper\" style=\"overflow: hidden;\">\n<div class=\"simple-translate-move\" draggable=\"true\">\u00a0</div>\n\n<div class=\"simple-translate-result-contents\">\n<p class=\"simple-translate-result\" dir=\"auto\" style=\"color: rgb(0, 0, 0);\">\u00a0</p>\n\n<p class=\"simple-translate-candidate\" dir=\"auto\" style=\"color: rgb(115, 115, 115);\">\u00a0</p>\n</div>\n</div>\n</div>\n</div>\n</div>", "tag_type": "div"}}, {"model": "bootstrap4_grid.bootstrap4gridrow", "pk": 3, "fields": {"vertical_alignment": "", "horizontal_alignment": "justify-content-center", "gutters": false, "tag_type": "div", "attributes": {}}}, {"model": "bootstrap4_grid.bootstrap4gridrow", "pk": 7, "fields": {"vertical_alignment": "", "horizontal_alignment": "", "gutters": false, "tag_type": "div", "attributes": {}}}, {"model": "bootstrap4_grid.bootstrap4gridrow", "pk": 10, "fields": {"vertical_alignment": "", "horizontal_alignment": "", "gutters": false, "tag_type": "div", "attributes": {}}}, {"model": "bootstrap4_grid.bootstrap4gridrow", "pk": 78, "fields": {"vertical_alignment": "", "horizontal_alignment": "", "gutters": false, "tag_type": "div", "attributes": {}}}, {"model": "bootstrap4_grid.bootstrap4gridrow", "pk": 96, "fields": {"vertical_alignment": "", "horizontal_alignment": "", "gutters": false, "tag_type": "div", "attributes": {}}}, {"model": "bootstrap4_grid.bootstrap4gridrow", "pk": 109, "fields": {"vertical_alignment": "", "horizontal_alignment": "", "gutters": false, "tag_type": "div", "attributes": {}}}, {"model": "bootstrap4_grid.bootstrap4gridrow", "pk": 116, "fields": {"vertical_alignment": "", "horizontal_alignment": "", "gutters": false, "tag_type": "div", "attributes": {}}}, {"model": "bootstrap4_grid.bootstrap4gridrow", "pk": 142, "fields": {"vertical_alignment": "", "horizontal_alignment": "", "gutters": false, "tag_type": "div", "attributes": {}}}, {"model": "bootstrap4_grid.bootstrap4gridrow", "pk": 153, "fields": {"vertical_alignment": "", "horizontal_alignment": "", "gutters": false, "tag_type": "div", "attributes": {}}}, {"model": "bootstrap4_grid.bootstrap4gridrow", "pk": 168, "fields": {"vertical_alignment": "", "horizontal_alignment": "", "gutters": false, "tag_type": "div", "attributes": {}}}, {"model": "bootstrap4_grid.bootstrap4gridrow", "pk": 374, "fields": {"vertical_alignment": "", "horizontal_alignment": "", "gutters": false, "tag_type": "div", "attributes": {}}}, {"model": "bootstrap4_grid.bootstrap4gridrow", "pk": 379, "fields": {"vertical_alignment": "align-items-center", "horizontal_alignment": "", "gutters": false, "tag_type": "div", "attributes": {}}}, {"model": "bootstrap4_grid.bootstrap4gridrow", "pk": 670, "fields": {"vertical_alignment": "", "horizontal_alignment": "", "gutters": false, "tag_type": "div", "attributes": {}}}, {"model": "bootstrap4_grid.bootstrap4gridrow", "pk": 729, "fields": {"vertical_alignment": "", "horizontal_alignment": "justify-content-center", "gutters": false, "tag_type": "div", "attributes": {}}}, {"model": "bootstrap4_grid.bootstrap4gridrow", "pk": 733, "fields": {"vertical_alignment": "align-items-start", "horizontal_alignment": "", "gutters": false, "tag_type": "div", "attributes": {}}}, {"model": "bootstrap4_grid.bootstrap4gridrow", "pk": 914, "fields": {"vertical_alignment": "", "horizontal_alignment": "", "gutters": false, "tag_type": "div", "attributes": {}}}, {"model": "bootstrap4_grid.bootstrap4gridrow", "pk": 921, "fields": {"vertical_alignment": "", "horizontal_alignment": "", "gutters": false, "tag_type": "div", "attributes": {}}}, {"model": "bootstrap4_grid.bootstrap4gridrow", "pk": 928, "fields": {"vertical_alignment": "", "horizontal_alignment": "", "gutters": false, "tag_type": "div", "attributes": {}}}, {"model": "bootstrap4_grid.bootstrap4gridrow", "pk": 936, "fields": {"vertical_alignment": "", "horizontal_alignment": "", "gutters": false, "tag_type": "div", "attributes": {}}}, {"model": "bootstrap4_grid.bootstrap4gridrow", "pk": 961, "fields": {"vertical_alignment": "", "horizontal_alignment": "", "gutters": false, "tag_type": "div", "attributes": {}}}, {"model": "bootstrap4_grid.bootstrap4gridrow", "pk": 969, "fields": {"vertical_alignment": "", "horizontal_alignment": "", "gutters": false, "tag_type": "div", "attributes": {}}}, {"model": "bootstrap4_grid.bootstrap4gridrow", "pk": 973, "fields": {"vertical_alignment": "", "horizontal_alignment": "", "gutters": false, "tag_type": "div", "attributes": {}}}, {"model": "bootstrap4_grid.bootstrap4gridrow", "pk": 977, "fields": {"vertical_alignment": "", "horizontal_alignment": "", "gutters": false, "tag_type": "div", "attributes": {}}}, {"model": "bootstrap4_grid.bootstrap4gridrow", "pk": 983, "fields": {"vertical_alignment": "", "horizontal_alignment": "", "gutters": false, "tag_type": "div", "attributes": {}}}, {"model": "bootstrap4_grid.bootstrap4gridrow", "pk": 990, "fields": {"vertical_alignment": "align-items-start", "horizontal_alignment": "", "gutters": false, "tag_type": "div", "attributes": {}}}, {"model": "bootstrap4_grid.bootstrap4gridrow", "pk": 994, "fields": {"vertical_alignment": "", "horizontal_alignment": "", "gutters": false, "tag_type": "div", "attributes": {}}}, {"model": "bootstrap4_grid.bootstrap4gridrow", "pk": 1001, "fields": {"vertical_alignment": "align-items-center", "horizontal_alignment": "", "gutters": false, "tag_type": "div", "attributes": {}}}, {"model": "bootstrap4_grid.bootstrap4gridcolumn", "pk": 4, "fields": {"column_type": "col", "column_alignment": "align-self-center", "tag_type": "div", "attributes": {}, "xs_col": null, "xs_order": null, "xs_offset": 2, "xs_ml": false, "xs_mr": false, "sm_col": null, "sm_order": null, "sm_offset": 2, "sm_ml": false, "sm_mr": false, "md_col": null, "md_order": null, "md_offset": 5, "md_ml": false, "md_mr": false, "lg_col": null, "lg_order": null, "lg_offset": 4, "lg_ml": false, "lg_mr": false, "xl_col": null, "xl_order": null, "xl_offset": 4, "xl_ml": false, "xl_mr": false}}, {"model": "bootstrap4_grid.bootstrap4gridcolumn", "pk": 8, "fields": {"column_type": "col", "column_alignment": "align-self-center", "tag_type": "div", "attributes": {}, "xs_col": null, "xs_order": null, "xs_offset": 2, "xs_ml": false, "xs_mr": false, "sm_col": null, "sm_order": null, "sm_offset": 2, "sm_ml": false, "sm_mr": false, "md_col": null, "md_order": null, "md_offset": 4, "md_ml": false, "md_mr": false, "lg_col": null, "lg_order": null, "lg_offset": 4, "lg_ml": false, "lg_mr": false, "xl_col": null, "xl_order": null, "xl_offset": 4, "xl_ml": false, "xl_mr": false}}, {"model": "bootstrap4_grid.bootstrap4gridcolumn", "pk": 11, "fields": {"column_type": "col", "column_alignment": "", "tag_type": "div", "attributes": {}, "xs_col": 12, "xs_order": null, "xs_offset": null, "xs_ml": false, "xs_mr": false, "sm_col": 12, "sm_order": null, "sm_offset": null, "sm_ml": false, "sm_mr": false, "md_col": 4, "md_order": null, "md_offset": null, "md_ml": false, "md_mr": false, "lg_col": 4, "lg_order": null, "lg_offset": null, "lg_ml": false, "lg_mr": false, "xl_col": 4, "xl_order": null, "xl_offset": null, "xl_ml": false, "xl_mr": false}}, {"model": "bootstrap4_grid.bootstrap4gridcolumn", "pk": 79, "fields": {"column_type": "col", "column_alignment": "", "tag_type": "div", "attributes": {}, "xs_col": null, "xs_order": null, "xs_offset": null, "xs_ml": false, "xs_mr": false, "sm_col": null, "sm_order": null, "sm_offset": null, "sm_ml": false, "sm_mr": false, "md_col": null, "md_order": null, "md_offset": null, "md_ml": false, "md_mr": false, "lg_col": null, "lg_order": null, "lg_offset": null, "lg_ml": false, "lg_mr": false, "xl_col": null, "xl_order": null, "xl_offset": null, "xl_ml": false, "xl_mr": false}}, {"model": "bootstrap4_grid.bootstrap4gridcolumn", "pk": 97, "fields": {"column_type": "col", "column_alignment": "", "tag_type": "div", "attributes": {}, "xs_col": 12, "xs_order": null, "xs_offset": null, "xs_ml": false, "xs_mr": false, "sm_col": 12, "sm_order": null, "sm_offset": null, "sm_ml": false, "sm_mr": false, "md_col": 12, "md_order": null, "md_offset": null, "md_ml": false, "md_mr": false, "lg_col": 6, "lg_order": null, "lg_offset": null, "lg_ml": false, "lg_mr": false, "xl_col": 6, "xl_order": null, "xl_offset": null, "xl_ml": false, "xl_mr": false}}, {"model": "bootstrap4_grid.bootstrap4gridcolumn", "pk": 98, "fields": {"column_type": "col", "column_alignment": "align-self-start", "tag_type": "div", "attributes": {}, "xs_col": 12, "xs_order": null, "xs_offset": null, "xs_ml": false, "xs_mr": false, "sm_col": 12, "sm_order": null, "sm_offset": null, "sm_ml": false, "sm_mr": false, "md_col": 12, "md_order": null, "md_offset": null, "md_ml": false, "md_mr": false, "lg_col": 6, "lg_order": null, "lg_offset": null, "lg_ml": false, "lg_mr": false, "xl_col": 6, "xl_order": null, "xl_offset": null, "xl_ml": false, "xl_mr": false}}, {"model": "bootstrap4_grid.bootstrap4gridcolumn", "pk": 110, "fields": {"column_type": "col", "column_alignment": "", "tag_type": "div", "attributes": {}, "xs_col": 12, "xs_order": null, "xs_offset": null, "xs_ml": false, "xs_mr": false, "sm_col": 12, "sm_order": null, "sm_offset": null, "sm_ml": false, "sm_mr": false, "md_col": 12, "md_order": null, "md_offset": null, "md_ml": false, "md_mr": false, "lg_col": 6, "lg_order": null, "lg_offset": null, "lg_ml": false, "lg_mr": false, "xl_col": 6, "xl_order": null, "xl_offset": null, "xl_ml": false, "xl_mr": false}}, {"model": "bootstrap4_grid.bootstrap4gridcolumn", "pk": 112, "fields": {"column_type": "col", "column_alignment": "align-self-start", "tag_type": "div", "attributes": {}, "xs_col": 12, "xs_order": null, "xs_offset": null, "xs_ml": false, "xs_mr": false, "sm_col": 12, "sm_order": null, "sm_offset": null, "sm_ml": false, "sm_mr": false, "md_col": 12, "md_order": null, "md_offset": null, "md_ml": false, "md_mr": false, "lg_col": 6, "lg_order": null, "lg_offset": null, "lg_ml": false, "lg_mr": false, "xl_col": 6, "xl_order": null, "xl_offset": null, "xl_ml": false, "xl_mr": false}}, {"model": "bootstrap4_grid.bootstrap4gridcolumn", "pk": 117, "fields": {"column_type": "col", "column_alignment": "", "tag_type": "div", "attributes": {}, "xs_col": null, "xs_order": null, "xs_offset": null, "xs_ml": false, "xs_mr": false, "sm_col": null, "sm_order": null, "sm_offset": null, "sm_ml": false, "sm_mr": false, "md_col": null, "md_order": null, "md_offset": null, "md_ml": false, "md_mr": false, "lg_col": null, "lg_order": null, "lg_offset": null, "lg_ml": false, "lg_mr": false, "xl_col": null, "xl_order": null, "xl_offset": null, "xl_ml": false, "xl_mr": false}}, {"model": "bootstrap4_grid.bootstrap4gridcolumn", "pk": 143, "fields": {"column_type": "col", "column_alignment": "", "tag_type": "div", "attributes": {}, "xs_col": 12, "xs_order": null, "xs_offset": null, "xs_ml": false, "xs_mr": false, "sm_col": 12, "sm_order": null, "sm_offset": null, "sm_ml": false, "sm_mr": false, "md_col": 6, "md_order": null, "md_offset": null, "md_ml": false, "md_mr": false, "lg_col": 6, "lg_order": null, "lg_offset": null, "lg_ml": false, "lg_mr": false, "xl_col": 6, "xl_order": null, "xl_offset": null, "xl_ml": false, "xl_mr": false}}, {"model": "bootstrap4_grid.bootstrap4gridcolumn", "pk": 144, "fields": {"column_type": "col", "column_alignment": "align-self-center", "tag_type": "div", "attributes": {}, "xs_col": null, "xs_order": null, "xs_offset": null, "xs_ml": false, "xs_mr": false, "sm_col": null, "sm_order": null, "sm_offset": null, "sm_ml": false, "sm_mr": false, "md_col": null, "md_order": null, "md_offset": null, "md_ml": false, "md_mr": false, "lg_col": null, "lg_order": null, "lg_offset": null, "lg_ml": false, "lg_mr": false, "xl_col": null, "xl_order": null, "xl_offset": null, "xl_ml": false, "xl_mr": false}}, {"model": "bootstrap4_grid.bootstrap4gridcolumn", "pk": 154, "fields": {"column_type": "col", "column_alignment": "", "tag_type": "div", "attributes": {}, "xs_col": 12, "xs_order": null, "xs_offset": null, "xs_ml": false, "xs_mr": false, "sm_col": 12, "sm_order": null, "sm_offset": null, "sm_ml": false, "sm_mr": false, "md_col": 6, "md_order": null, "md_offset": null, "md_ml": false, "md_mr": false, "lg_col": 6, "lg_order": null, "lg_offset": null, "lg_ml": false, "lg_mr": false, "xl_col": 6, "xl_order": null, "xl_offset": null, "xl_ml": false, "xl_mr": false}}, {"model": "bootstrap4_grid.bootstrap4gridcolumn", "pk": 156, "fields": {"column_type": "col", "column_alignment": "align-self-center", "tag_type": "div", "attributes": {}, "xs_col": null, "xs_order": null, "xs_offset": null, "xs_ml": false, "xs_mr": false, "sm_col": null, "sm_order": null, "sm_offset": null, "sm_ml": false, "sm_mr": false, "md_col": null, "md_order": null, "md_offset": null, "md_ml": false, "md_mr": false, "lg_col": null, "lg_order": null, "lg_offset": null, "lg_ml": false, "lg_mr": false, "xl_col": null, "xl_order": null, "xl_offset": null, "xl_ml": false, "xl_mr": false}}, {"model": "bootstrap4_grid.bootstrap4gridcolumn", "pk": 169, "fields": {"column_type": "col", "column_alignment": "", "tag_type": "div", "attributes": {}, "xs_col": 12, "xs_order": null, "xs_offset": null, "xs_ml": false, "xs_mr": false, "sm_col": 12, "sm_order": null, "sm_offset": null, "sm_ml": false, "sm_mr": false, "md_col": 6, "md_order": null, "md_offset": null, "md_ml": false, "md_mr": false, "lg_col": 6, "lg_order": null, "lg_offset": null, "lg_ml": false, "lg_mr": false, "xl_col": 6, "xl_order": null, "xl_offset": null, "xl_ml": false, "xl_mr": false}}, {"model": "bootstrap4_grid.bootstrap4gridcolumn", "pk": 171, "fields": {"column_type": "col", "column_alignment": "align-self-center", "tag_type": "div", "attributes": {}, "xs_col": null, "xs_order": null, "xs_offset": null, "xs_ml": false, "xs_mr": false, "sm_col": null, "sm_order": null, "sm_offset": null, "sm_ml": false, "sm_mr": false, "md_col": null, "md_order": null, "md_offset": null, "md_ml": false, "md_mr": false, "lg_col": null, "lg_order": null, "lg_offset": null, "lg_ml": false, "lg_mr": false, "xl_col": null, "xl_order": null, "xl_offset": null, "xl_ml": false, "xl_mr": false}}, {"model": "bootstrap4_grid.bootstrap4gridcolumn", "pk": 241, "fields": {"column_type": "col", "column_alignment": "", "tag_type": "div", "attributes": {}, "xs_col": 12, "xs_order": null, "xs_offset": null, "xs_ml": false, "xs_mr": false, "sm_col": 12, "sm_order": null, "sm_offset": null, "sm_ml": false, "sm_mr": false, "md_col": 4, "md_order": null, "md_offset": null, "md_ml": false, "md_mr": false, "lg_col": 4, "lg_order": null, "lg_offset": null, "lg_ml": false, "lg_mr": false, "xl_col": 4, "xl_order": null, "xl_offset": null, "xl_ml": false, "xl_mr": false}}, {"model": "bootstrap4_grid.bootstrap4gridcolumn", "pk": 248, "fields": {"column_type": "col", "column_alignment": "", "tag_type": "div", "attributes": {}, "xs_col": 12, "xs_order": null, "xs_offset": null, "xs_ml": false, "xs_mr": false, "sm_col": 12, "sm_order": null, "sm_offset": null, "sm_ml": false, "sm_mr": false, "md_col": 4, "md_order": null, "md_offset": null, "md_ml": false, "md_mr": false, "lg_col": 4, "lg_order": null, "lg_offset": null, "lg_ml": false, "lg_mr": false, "xl_col": 4, "xl_order": null, "xl_offset": null, "xl_ml": false, "xl_mr": false}}, {"model": "bootstrap4_grid.bootstrap4gridcolumn", "pk": 375, "fields": {"column_type": "col", "column_alignment": "", "tag_type": "div", "attributes": {}, "xs_col": null, "xs_order": null, "xs_offset": null, "xs_ml": false, "xs_mr": false, "sm_col": null, "sm_order": null, "sm_offset": null, "sm_ml": false, "sm_mr": false, "md_col": null, "md_order": null, "md_offset": null, "md_ml": false, "md_mr": false, "lg_col": null, "lg_order": null, "lg_offset": null, "lg_ml": false, "lg_mr": false, "xl_col": null, "xl_order": null, "xl_offset": null, "xl_ml": false, "xl_mr": false}}, {"model": "bootstrap4_grid.bootstrap4gridcolumn", "pk": 376, "fields": {"column_type": "col", "column_alignment": "", "tag_type": "div", "attributes": {}, "xs_col": 12, "xs_order": null, "xs_offset": null, "xs_ml": false, "xs_mr": false, "sm_col": 12, "sm_order": null, "sm_offset": null, "sm_ml": false, "sm_mr": false, "md_col": 6, "md_order": null, "md_offset": null, "md_ml": false, "md_mr": false, "lg_col": 6, "lg_order": null, "lg_offset": null, "lg_ml": false, "lg_mr": false, "xl_col": 6, "xl_order": null, "xl_offset": null, "xl_ml": false, "xl_mr": false}}, {"model": "bootstrap4_grid.bootstrap4gridcolumn", "pk": 380, "fields": {"column_type": "col", "column_alignment": "", "tag_type": "div", "attributes": {}, "xs_col": null, "xs_order": null, "xs_offset": null, "xs_ml": false, "xs_mr": false, "sm_col": null, "sm_order": null, "sm_offset": null, "sm_ml": false, "sm_mr": false, "md_col": null, "md_order": null, "md_offset": null, "md_ml": false, "md_mr": false, "lg_col": null, "lg_order": null, "lg_offset": null, "lg_ml": false, "lg_mr": false, "xl_col": null, "xl_order": null, "xl_offset": null, "xl_ml": false, "xl_mr": false}}, {"model": "bootstrap4_grid.bootstrap4gridcolumn", "pk": 671, "fields": {"column_type": "col", "column_alignment": "", "tag_type": "div", "attributes": {}, "xs_col": null, "xs_order": null, "xs_offset": null, "xs_ml": false, "xs_mr": false, "sm_col": null, "sm_order": null, "sm_offset": null, "sm_ml": false, "sm_mr": false, "md_col": null, "md_order": null, "md_offset": null, "md_ml": false, "md_mr": false, "lg_col": null, "lg_order": null, "lg_offset": null, "lg_ml": false, "lg_mr": false, "xl_col": null, "xl_order": null, "xl_offset": null, "xl_ml": false, "xl_mr": false}}, {"model": "bootstrap4_grid.bootstrap4gridcolumn", "pk": 730, "fields": {"column_type": "col", "column_alignment": "align-self-center", "tag_type": "div", "attributes": {}, "xs_col": null, "xs_order": null, "xs_offset": 2, "xs_ml": false, "xs_mr": false, "sm_col": null, "sm_order": null, "sm_offset": 2, "sm_ml": false, "sm_mr": false, "md_col": null, "md_order": null, "md_offset": 5, "md_ml": false, "md_mr": false, "lg_col": null, "lg_order": null, "lg_offset": 4, "lg_ml": false, "lg_mr": false, "xl_col": null, "xl_order": null, "xl_offset": 4, "xl_ml": false, "xl_mr": false}}, {"model": "bootstrap4_grid.bootstrap4gridcolumn", "pk": 734, "fields": {"column_type": "col", "column_alignment": "", "tag_type": "div", "attributes": {}, "xs_col": null, "xs_order": null, "xs_offset": 1, "xs_ml": false, "xs_mr": false, "sm_col": null, "sm_order": null, "sm_offset": 1, "sm_ml": false, "sm_mr": false, "md_col": null, "md_order": null, "md_offset": 2, "md_ml": false, "md_mr": false, "lg_col": null, "lg_order": null, "lg_offset": 4, "lg_ml": false, "lg_mr": false, "xl_col": null, "xl_order": null, "xl_offset": 4, "xl_ml": false, "xl_mr": false}}, {"model": "bootstrap4_grid.bootstrap4gridcolumn", "pk": 915, "fields": {"column_type": "col", "column_alignment": "", "tag_type": "div", "attributes": {}, "xs_col": 12, "xs_order": null, "xs_offset": null, "xs_ml": false, "xs_mr": false, "sm_col": 12, "sm_order": null, "sm_offset": null, "sm_ml": false, "sm_mr": false, "md_col": 6, "md_order": null, "md_offset": null, "md_ml": false, "md_mr": false, "lg_col": 6, "lg_order": null, "lg_offset": null, "lg_ml": false, "lg_mr": false, "xl_col": 6, "xl_order": null, "xl_offset": null, "xl_ml": false, "xl_mr": false}}, {"model": "bootstrap4_grid.bootstrap4gridcolumn", "pk": 917, "fields": {"column_type": "col", "column_alignment": "align-self-center", "tag_type": "div", "attributes": {}, "xs_col": null, "xs_order": null, "xs_offset": null, "xs_ml": false, "xs_mr": false, "sm_col": null, "sm_order": null, "sm_offset": null, "sm_ml": false, "sm_mr": false, "md_col": null, "md_order": null, "md_offset": null, "md_ml": false, "md_mr": false, "lg_col": null, "lg_order": null, "lg_offset": null, "lg_ml": false, "lg_mr": false, "xl_col": null, "xl_order": null, "xl_offset": null, "xl_ml": false, "xl_mr": false}}, {"model": "bootstrap4_grid.bootstrap4gridcolumn", "pk": 922, "fields": {"column_type": "col", "column_alignment": "", "tag_type": "div", "attributes": {}, "xs_col": 12, "xs_order": null, "xs_offset": null, "xs_ml": false, "xs_mr": false, "sm_col": 12, "sm_order": null, "sm_offset": null, "sm_ml": false, "sm_mr": false, "md_col": 6, "md_order": null, "md_offset": null, "md_ml": false, "md_mr": false, "lg_col": 6, "lg_order": null, "lg_offset": null, "lg_ml": false, "lg_mr": false, "xl_col": 6, "xl_order": null, "xl_offset": null, "xl_ml": false, "xl_mr": false}}, {"model": "bootstrap4_grid.bootstrap4gridcolumn", "pk": 924, "fields": {"column_type": "col", "column_alignment": "align-self-center", "tag_type": "div", "attributes": {}, "xs_col": null, "xs_order": null, "xs_offset": null, "xs_ml": false, "xs_mr": false, "sm_col": null, "sm_order": null, "sm_offset": null, "sm_ml": false, "sm_mr": false, "md_col": null, "md_order": null, "md_offset": null, "md_ml": false, "md_mr": false, "lg_col": null, "lg_order": null, "lg_offset": null, "lg_ml": false, "lg_mr": false, "xl_col": null, "xl_order": null, "xl_offset": null, "xl_ml": false, "xl_mr": false}}, {"model": "bootstrap4_grid.bootstrap4gridcolumn", "pk": 929, "fields": {"column_type": "col", "column_alignment": "", "tag_type": "div", "attributes": {}, "xs_col": 12, "xs_order": null, "xs_offset": null, "xs_ml": false, "xs_mr": false, "sm_col": 12, "sm_order": null, "sm_offset": null, "sm_ml": false, "sm_mr": false, "md_col": 6, "md_order": null, "md_offset": null, "md_ml": false, "md_mr": false, "lg_col": 6, "lg_order": null, "lg_offset": null, "lg_ml": false, "lg_mr": false, "xl_col": 6, "xl_order": null, "xl_offset": null, "xl_ml": false, "xl_mr": false}}, {"model": "bootstrap4_grid.bootstrap4gridcolumn", "pk": 931, "fields": {"column_type": "col", "column_alignment": "align-self-center", "tag_type": "div", "attributes": {}, "xs_col": null, "xs_order": null, "xs_offset": null, "xs_ml": false, "xs_mr": false, "sm_col": null, "sm_order": null, "sm_offset": null, "sm_ml": false, "sm_mr": false, "md_col": null, "md_order": null, "md_offset": null, "md_ml": false, "md_mr": false, "lg_col": null, "lg_order": null, "lg_offset": null, "lg_ml": false, "lg_mr": false, "xl_col": null, "xl_order": null, "xl_offset": null, "xl_ml": false, "xl_mr": false}}, {"model": "bootstrap4_grid.bootstrap4gridcolumn", "pk": 937, "fields": {"column_type": "col", "column_alignment": "", "tag_type": "div", "attributes": {}, "xs_col": 12, "xs_order": null, "xs_offset": null, "xs_ml": false, "xs_mr": false, "sm_col": 12, "sm_order": null, "sm_offset": null, "sm_ml": false, "sm_mr": false, "md_col": 4, "md_order": null, "md_offset": null, "md_ml": false, "md_mr": false, "lg_col": 4, "lg_order": null, "lg_offset": null, "lg_ml": false, "lg_mr": false, "xl_col": 4, "xl_order": null, "xl_offset": null, "xl_ml": false, "xl_mr": false}}, {"model": "bootstrap4_grid.bootstrap4gridcolumn", "pk": 945, "fields": {"column_type": "col", "column_alignment": "", "tag_type": "div", "attributes": {}, "xs_col": 12, "xs_order": null, "xs_offset": null, "xs_ml": false, "xs_mr": false, "sm_col": 12, "sm_order": null, "sm_offset": null, "sm_ml": false, "sm_mr": false, "md_col": 4, "md_order": null, "md_offset": null, "md_ml": false, "md_mr": false, "lg_col": 4, "lg_order": null, "lg_offset": null, "lg_ml": false, "lg_mr": false, "xl_col": 4, "xl_order": null, "xl_offset": null, "xl_ml": false, "xl_mr": false}}, {"model": "bootstrap4_grid.bootstrap4gridcolumn", "pk": 953, "fields": {"column_type": "col", "column_alignment": "", "tag_type": "div", "attributes": {}, "xs_col": 12, "xs_order": null, "xs_offset": null, "xs_ml": false, "xs_mr": false, "sm_col": 12, "sm_order": null, "sm_offset": null, "sm_ml": false, "sm_mr": false, "md_col": 4, "md_order": null, "md_offset": null, "md_ml": false, "md_mr": false, "lg_col": 4, "lg_order": null, "lg_offset": null, "lg_ml": false, "lg_mr": false, "xl_col": 4, "xl_order": null, "xl_offset": null, "xl_ml": false, "xl_mr": false}}, {"model": "bootstrap4_grid.bootstrap4gridcolumn", "pk": 962, "fields": {"column_type": "col", "column_alignment": "", "tag_type": "div", "attributes": {}, "xs_col": null, "xs_order": null, "xs_offset": null, "xs_ml": false, "xs_mr": false, "sm_col": null, "sm_order": null, "sm_offset": null, "sm_ml": false, "sm_mr": false, "md_col": null, "md_order": null, "md_offset": null, "md_ml": false, "md_mr": false, "lg_col": null, "lg_order": null, "lg_offset": null, "lg_ml": false, "lg_mr": false, "xl_col": null, "xl_order": null, "xl_offset": null, "xl_ml": false, "xl_mr": false}}, {"model": "bootstrap4_grid.bootstrap4gridcolumn", "pk": 970, "fields": {"column_type": "col", "column_alignment": "align-self-center", "tag_type": "div", "attributes": {}, "xs_col": null, "xs_order": null, "xs_offset": 2, "xs_ml": false, "xs_mr": false, "sm_col": null, "sm_order": null, "sm_offset": 2, "sm_ml": false, "sm_mr": false, "md_col": null, "md_order": null, "md_offset": 4, "md_ml": false, "md_mr": false, "lg_col": null, "lg_order": null, "lg_offset": 4, "lg_ml": false, "lg_mr": false, "xl_col": null, "xl_order": null, "xl_offset": 4, "xl_ml": false, "xl_mr": false}}, {"model": "bootstrap4_grid.bootstrap4gridcolumn", "pk": 974, "fields": {"column_type": "col", "column_alignment": "", "tag_type": "div", "attributes": {}, "xs_col": null, "xs_order": null, "xs_offset": null, "xs_ml": false, "xs_mr": false, "sm_col": null, "sm_order": null, "sm_offset": null, "sm_ml": false, "sm_mr": false, "md_col": null, "md_order": null, "md_offset": null, "md_ml": false, "md_mr": false, "lg_col": null, "lg_order": null, "lg_offset": null, "lg_ml": false, "lg_mr": false, "xl_col": null, "xl_order": null, "xl_offset": null, "xl_ml": false, "xl_mr": false}}, {"model": "bootstrap4_grid.bootstrap4gridcolumn", "pk": 978, "fields": {"column_type": "col", "column_alignment": "", "tag_type": "div", "attributes": {}, "xs_col": 12, "xs_order": null, "xs_offset": null, "xs_ml": false, "xs_mr": false, "sm_col": 12, "sm_order": null, "sm_offset": null, "sm_ml": false, "sm_mr": false, "md_col": 12, "md_order": null, "md_offset": null, "md_ml": false, "md_mr": false, "lg_col": 6, "lg_order": null, "lg_offset": null, "lg_ml": false, "lg_mr": false, "xl_col": 6, "xl_order": null, "xl_offset": null, "xl_ml": false, "xl_mr": false}}, {"model": "bootstrap4_grid.bootstrap4gridcolumn", "pk": 980, "fields": {"column_type": "col", "column_alignment": "align-self-start", "tag_type": "div", "attributes": {}, "xs_col": 12, "xs_order": null, "xs_offset": null, "xs_ml": false, "xs_mr": false, "sm_col": 12, "sm_order": null, "sm_offset": null, "sm_ml": false, "sm_mr": false, "md_col": 12, "md_order": null, "md_offset": null, "md_ml": false, "md_mr": false, "lg_col": 6, "lg_order": null, "lg_offset": null, "lg_ml": false, "lg_mr": false, "xl_col": 6, "xl_order": null, "xl_offset": null, "xl_ml": false, "xl_mr": false}}, {"model": "bootstrap4_grid.bootstrap4gridcolumn", "pk": 984, "fields": {"column_type": "col", "column_alignment": "", "tag_type": "div", "attributes": {}, "xs_col": 12, "xs_order": null, "xs_offset": null, "xs_ml": false, "xs_mr": false, "sm_col": 12, "sm_order": null, "sm_offset": null, "sm_ml": false, "sm_mr": false, "md_col": 12, "md_order": null, "md_offset": null, "md_ml": false, "md_mr": false, "lg_col": 6, "lg_order": null, "lg_offset": null, "lg_ml": false, "lg_mr": false, "xl_col": 6, "xl_order": null, "xl_offset": null, "xl_ml": false, "xl_mr": false}}, {"model": "bootstrap4_grid.bootstrap4gridcolumn", "pk": 986, "fields": {"column_type": "col", "column_alignment": "align-self-start", "tag_type": "div", "attributes": {}, "xs_col": 12, "xs_order": null, "xs_offset": null, "xs_ml": false, "xs_mr": false, "sm_col": 12, "sm_order": null, "sm_offset": null, "sm_ml": false, "sm_mr": false, "md_col": 12, "md_order": null, "md_offset": null, "md_ml": false, "md_mr": false, "lg_col": 6, "lg_order": null, "lg_offset": null, "lg_ml": false, "lg_mr": false, "xl_col": 6, "xl_order": null, "xl_offset": null, "xl_ml": false, "xl_mr": false}}, {"model": "bootstrap4_grid.bootstrap4gridcolumn", "pk": 991, "fields": {"column_type": "col", "column_alignment": "", "tag_type": "div", "attributes": {}, "xs_col": null, "xs_order": null, "xs_offset": 1, "xs_ml": false, "xs_mr": false, "sm_col": null, "sm_order": null, "sm_offset": 1, "sm_ml": false, "sm_mr": false, "md_col": null, "md_order": null, "md_offset": 2, "md_ml": false, "md_mr": false, "lg_col": null, "lg_order": null, "lg_offset": 4, "lg_ml": false, "lg_mr": false, "xl_col": null, "xl_order": null, "xl_offset": 4, "xl_ml": false, "xl_mr": false}}, {"model": "bootstrap4_grid.bootstrap4gridcolumn", "pk": 995, "fields": {"column_type": "col", "column_alignment": "", "tag_type": "div", "attributes": {}, "xs_col": null, "xs_order": null, "xs_offset": null, "xs_ml": false, "xs_mr": false, "sm_col": null, "sm_order": null, "sm_offset": null, "sm_ml": false, "sm_mr": false, "md_col": null, "md_order": null, "md_offset": null, "md_ml": false, "md_mr": false, "lg_col": null, "lg_order": null, "lg_offset": null, "lg_ml": false, "lg_mr": false, "xl_col": null, "xl_order": null, "xl_offset": null, "xl_ml": false, "xl_mr": false}}, {"model": "bootstrap4_grid.bootstrap4gridcolumn", "pk": 997, "fields": {"column_type": "col", "column_alignment": "", "tag_type": "div", "attributes": {}, "xs_col": 12, "xs_order": null, "xs_offset": null, "xs_ml": false, "xs_mr": false, "sm_col": 12, "sm_order": null, "sm_offset": null, "sm_ml": false, "sm_mr": false, "md_col": 6, "md_order": null, "md_offset": null, "md_ml": false, "md_mr": false, "lg_col": 6, "lg_order": null, "lg_offset": null, "lg_ml": false, "lg_mr": false, "xl_col": 6, "xl_order": null, "xl_offset": null, "xl_ml": false, "xl_mr": false}}, {"model": "bootstrap4_grid.bootstrap4gridcolumn", "pk": 1002, "fields": {"column_type": "col", "column_alignment": "", "tag_type": "div", "attributes": {}, "xs_col": null, "xs_order": null, "xs_offset": null, "xs_ml": false, "xs_mr": false, "sm_col": null, "sm_order": null, "sm_offset": null, "sm_ml": false, "sm_mr": false, "md_col": null, "md_order": null, "md_offset": null, "md_ml": false, "md_mr": false, "lg_col": null, "lg_order": null, "lg_offset": null, "lg_ml": false, "lg_mr": false, "xl_col": null, "xl_order": null, "xl_offset": null, "xl_ml": false, "xl_mr": false}}, {"model": "bootstrap4_link.bootstrap4link", "pk": 102, "fields": {"template": "default", "name": "Learn More", "external_link": "", "internal_link": null, "file_link": null, "anchor": "", "mailto": "", "phone": "", "target": "", "attributes": {}, "link_type": "btn", "link_context": "danger", "link_size": "btn-lg", "link_outline": true, "link_block": false, "icon_left": "", "icon_right": ""}}, {"model": "bootstrap4_link.bootstrap4link", "pk": 114, "fields": {"template": "default", "name": "Learn More", "external_link": "", "internal_link": null, "file_link": null, "anchor": "", "mailto": "", "phone": "", "target": "", "attributes": {}, "link_type": "btn", "link_context": "danger", "link_size": "btn-lg", "link_outline": true, "link_block": false, "icon_left": "", "icon_right": ""}}, {"model": "bootstrap4_link.bootstrap4link", "pk": 146, "fields": {"template": "default", "name": "Learn More", "external_link": "", "internal_link": 1, "file_link": null, "anchor": "", "mailto": "", "phone": "", "target": "", "attributes": {}, "link_type": "btn", "link_context": "danger", "link_size": "btn-lg", "link_outline": true, "link_block": false, "icon_left": "", "icon_right": ""}}, {"model": "bootstrap4_link.bootstrap4link", "pk": 158, "fields": {"template": "default", "name": "Learn More", "external_link": "", "internal_link": 1, "file_link": null, "anchor": "", "mailto": "", "phone": "", "target": "", "attributes": {}, "link_type": "btn", "link_context": "danger", "link_size": "btn-lg", "link_outline": true, "link_block": false, "icon_left": "", "icon_right": ""}}, {"model": "bootstrap4_link.bootstrap4link", "pk": 173, "fields": {"template": "default", "name": "Learn More", "external_link": "", "internal_link": 1, "file_link": null, "anchor": "", "mailto": "", "phone": "", "target": "", "attributes": {}, "link_type": "btn", "link_context": "danger", "link_size": "btn-lg", "link_outline": true, "link_block": false, "icon_left": "", "icon_right": ""}}, {"model": "bootstrap4_link.bootstrap4link", "pk": 385, "fields": {"template": "default", "name": "Learn More", "external_link": "", "internal_link": 1, "file_link": null, "anchor": "", "mailto": "", "phone": "", "target": "", "attributes": {}, "link_type": "link", "link_context": "info", "link_size": "btn-lg", "link_outline": true, "link_block": false, "icon_left": "", "icon_right": ""}}, {"model": "bootstrap4_link.bootstrap4link", "pk": 398, "fields": {"template": "default", "name": "Prices", "external_link": "", "internal_link": 9, "file_link": null, "anchor": "", "mailto": "", "phone": "", "target": "", "attributes": {}, "link_type": "btn", "link_context": "info", "link_size": "", "link_outline": true, "link_block": true, "icon_left": "", "icon_right": ""}}, {"model": "bootstrap4_link.bootstrap4link", "pk": 399, "fields": {"template": "default", "name": "Prices", "external_link": "", "internal_link": 10, "file_link": null, "anchor": "", "mailto": "", "phone": "", "target": "", "attributes": {}, "link_type": "btn", "link_context": "info", "link_size": "", "link_outline": true, "link_block": true, "icon_left": "", "icon_right": ""}}, {"model": "bootstrap4_link.bootstrap4link", "pk": 400, "fields": {"template": "default", "name": "Prices", "external_link": "", "internal_link": 10, "file_link": null, "anchor": "", "mailto": "", "phone": "", "target": "", "attributes": {}, "link_type": "btn", "link_context": "info", "link_size": "", "link_outline": true, "link_block": true, "icon_left": "", "icon_right": ""}}, {"model": "bootstrap4_link.bootstrap4link", "pk": 919, "fields": {"template": "default", "name": "Learn More", "external_link": "", "internal_link": 1, "file_link": null, "anchor": "", "mailto": "", "phone": "", "target": "", "attributes": {}, "link_type": "btn", "link_context": "danger", "link_size": "btn-lg", "link_outline": true, "link_block": false, "icon_left": "", "icon_right": ""}}, {"model": "bootstrap4_link.bootstrap4link", "pk": 926, "fields": {"template": "default", "name": "Learn More", "external_link": "", "internal_link": 1, "file_link": null, "anchor": "", "mailto": "", "phone": "", "target": "", "attributes": {}, "link_type": "btn", "link_context": "danger", "link_size": "btn-lg", "link_outline": true, "link_block": false, "icon_left": "", "icon_right": ""}}, {"model": "bootstrap4_link.bootstrap4link", "pk": 933, "fields": {"template": "default", "name": "Learn More", "external_link": "", "internal_link": 1, "file_link": null, "anchor": "", "mailto": "", "phone": "", "target": "", "attributes": {}, "link_type": "btn", "link_context": "danger", "link_size": "btn-lg", "link_outline": true, "link_block": false, "icon_left": "", "icon_right": ""}}, {"model": "bootstrap4_link.bootstrap4link", "pk": 943, "fields": {"template": "default", "name": "Prices", "external_link": "", "internal_link": 10, "file_link": null, "anchor": "", "mailto": "", "phone": "", "target": "", "attributes": {}, "link_type": "btn", "link_context": "info", "link_size": "", "link_outline": true, "link_block": true, "icon_left": "", "icon_right": ""}}, {"model": "bootstrap4_link.bootstrap4link", "pk": 951, "fields": {"template": "default", "name": "Prices", "external_link": "", "internal_link": 10, "file_link": null, "anchor": "", "mailto": "", "phone": "", "target": "", "attributes": {}, "link_type": "btn", "link_context": "info", "link_size": "", "link_outline": true, "link_block": true, "icon_left": "", "icon_right": ""}}, {"model": "bootstrap4_link.bootstrap4link", "pk": 959, "fields": {"template": "default", "name": "Prices", "external_link": "", "internal_link": 9, "file_link": null, "anchor": "", "mailto": "", "phone": "", "target": "", "attributes": {}, "link_type": "btn", "link_context": "info", "link_size": "", "link_outline": true, "link_block": true, "icon_left": "", "icon_right": ""}}, {"model": "bootstrap4_link.bootstrap4link", "pk": 982, "fields": {"template": "default", "name": "Learn More", "external_link": "", "internal_link": null, "file_link": null, "anchor": "", "mailto": "", "phone": "", "target": "", "attributes": {}, "link_type": "btn", "link_context": "danger", "link_size": "btn-lg", "link_outline": true, "link_block": false, "icon_left": "", "icon_right": ""}}, {"model": "bootstrap4_link.bootstrap4link", "pk": 988, "fields": {"template": "default", "name": "Learn More", "external_link": "", "internal_link": null, "file_link": null, "anchor": "", "mailto": "", "phone": "", "target": "", "attributes": {}, "link_type": "btn", "link_context": "danger", "link_size": "btn-lg", "link_outline": true, "link_block": false, "icon_left": "", "icon_right": ""}}, {"model": "bootstrap4_link.bootstrap4link", "pk": 999, "fields": {"template": "default", "name": "Learn More", "external_link": "", "internal_link": 1, "file_link": null, "anchor": "", "mailto": "", "phone": "", "target": "", "attributes": {}, "link_type": "link", "link_context": "info", "link_size": "btn-lg", "link_outline": true, "link_block": false, "icon_left": "", "icon_right": ""}}, {"model": "bootstrap4_picture.bootstrap4picture", "pk": 19, "fields": {"template": "default", "picture": null, "external_picture": "https://boubyan.bankboubyan.com/media/filer_public/b6/dc/b6dc2bab-37e2-42ed-a1a5-c3d9befce820/boubyan_mastercardworld_t.jpg", "width": null, "height": null, "alignment": "", "caption_text": "", "attributes": {}, "link_url": null, "link_page": null, "link_target": "", "link_attributes": {}, "use_automatic_scaling": true, "use_no_cropping": false, "use_crop": false, "use_upscale": false, "use_responsive_image": "inherit", "thumbnail_options": null, "picture_fluid": true, "picture_rounded": false, "picture_thumbnail": false}}, {"model": "bootstrap4_picture.bootstrap4picture", "pk": 100, "fields": {"template": "default", "picture": 7, "external_picture": null, "width": 720, "height": 720, "alignment": "", "caption_text": "", "attributes": {}, "link_url": null, "link_page": null, "link_target": "", "link_attributes": {}, "use_automatic_scaling": true, "use_no_cropping": false, "use_crop": false, "use_upscale": false, "use_responsive_image": "inherit", "thumbnail_options": null, "picture_fluid": true, "picture_rounded": false, "picture_thumbnail": false}}, {"model": "bootstrap4_picture.bootstrap4picture", "pk": 111, "fields": {"template": "default", "picture": 8, "external_picture": null, "width": 720, "height": 720, "alignment": "", "caption_text": "", "attributes": {}, "link_url": null, "link_page": null, "link_target": "", "link_attributes": {}, "use_automatic_scaling": true, "use_no_cropping": false, "use_crop": false, "use_upscale": false, "use_responsive_image": "inherit", "thumbnail_options": null, "picture_fluid": true, "picture_rounded": false, "picture_thumbnail": false}}, {"model": "bootstrap4_picture.bootstrap4picture", "pk": 136, "fields": {"template": "default", "picture": null, "external_picture": "https://boubyan.bankboubyan.com/media/filer_public/6a/29/6a298317-26b2-43d1-8856-0373ea20851d/onboarding_large_banners_570x512.png", "width": null, "height": null, "alignment": "", "caption_text": "", "attributes": {}, "link_url": null, "link_page": null, "link_target": "", "link_attributes": {}, "use_automatic_scaling": true, "use_no_cropping": false, "use_crop": false, "use_upscale": false, "use_responsive_image": "inherit", "thumbnail_options": null, "picture_fluid": true, "picture_rounded": false, "picture_thumbnail": false}}, {"model": "bootstrap4_picture.bootstrap4picture", "pk": 155, "fields": {"template": "default", "picture": null, "external_picture": "https://boubyan.bankboubyan.com/media/filer_public/d0/95/d095805d-da0a-4d3f-b327-01a539b76e5f/mega_banner_-_570_x_512.jpg", "width": null, "height": null, "alignment": "", "caption_text": "", "attributes": {}, "link_url": null, "link_page": null, "link_target": "", "link_attributes": {}, "use_automatic_scaling": true, "use_no_cropping": false, "use_crop": false, "use_upscale": false, "use_responsive_image": "inherit", "thumbnail_options": null, "picture_fluid": true, "picture_rounded": false, "picture_thumbnail": false}}, {"model": "bootstrap4_picture.bootstrap4picture", "pk": 170, "fields": {"template": "default", "picture": null, "external_picture": "https://boubyan.bankboubyan.com/media/filer_public/f3/d3/f3d39be8-7440-4198-a4a2-fd13d0c047bc/large_banners_570x512_option_3.png", "width": null, "height": null, "alignment": "", "caption_text": "", "attributes": {}, "link_url": null, "link_page": null, "link_target": "", "link_attributes": {}, "use_automatic_scaling": true, "use_no_cropping": false, "use_crop": false, "use_upscale": false, "use_responsive_image": "inherit", "thumbnail_options": null, "picture_fluid": true, "picture_rounded": false, "picture_thumbnail": false}}, {"model": "bootstrap4_picture.bootstrap4picture", "pk": 244, "fields": {"template": "default", "picture": null, "external_picture": "https://boubyan.bankboubyan.com/media/filer_public/8b/5f/8b5f67d8-ac34-4b8c-85a3-6baed3cc065f/special_edition_card_-_boubyan_15th_year_anniversary_202008_26_platinum_b_web_size_3.jpg", "width": null, "height": null, "alignment": "", "caption_text": "", "attributes": {}, "link_url": null, "link_page": null, "link_target": "", "link_attributes": {}, "use_automatic_scaling": true, "use_no_cropping": false, "use_crop": false, "use_upscale": false, "use_responsive_image": "inherit", "thumbnail_options": null, "picture_fluid": true, "picture_rounded": false, "picture_thumbnail": false}}, {"model": "bootstrap4_picture.bootstrap4picture", "pk": 251, "fields": {"template": "default", "picture": null, "external_picture": "https://boubyan.bankboubyan.com/media/filer_public/be/6f/be6f3c28-c9b6-41c1-8ae3-bf4bc9dc4548/new_usd_debit_card_-_campaign_web_202101_273.jpg", "width": null, "height": null, "alignment": "", "caption_text": "", "attributes": {}, "link_url": null, "link_page": null, "link_target": "", "link_attributes": {}, "use_automatic_scaling": true, "use_no_cropping": false, "use_crop": false, "use_upscale": false, "use_responsive_image": "inherit", "thumbnail_options": null, "picture_fluid": true, "picture_rounded": false, "picture_thumbnail": false}}, {"model": "bootstrap4_picture.bootstrap4picture", "pk": 382, "fields": {"template": "default", "picture": null, "external_picture": "https://boubyan.bankboubyan.com/media/filer_public_thumbnails/filer_public/aa/47/aa47525b-a28c-4c49-868f-8267c37d6497/b_personal_boubyan_branches_h.jpg__1440x480_q85_subsampling-2.jpg", "width": null, "height": null, "alignment": "", "caption_text": "", "attributes": {}, "link_url": null, "link_page": null, "link_target": "", "link_attributes": {}, "use_automatic_scaling": true, "use_no_cropping": false, "use_crop": false, "use_upscale": false, "use_responsive_image": "inherit", "thumbnail_options": null, "picture_fluid": true, "picture_rounded": false, "picture_thumbnail": false}}, {"model": "bootstrap4_picture.bootstrap4picture", "pk": 916, "fields": {"template": "default", "picture": null, "external_picture": "https://boubyan.bankboubyan.com/media/filer_public/6a/29/6a298317-26b2-43d1-8856-0373ea20851d/onboarding_large_banners_570x512.png", "width": null, "height": null, "alignment": "", "caption_text": "", "attributes": {}, "link_url": null, "link_page": null, "link_target": "", "link_attributes": {}, "use_automatic_scaling": true, "use_no_cropping": false, "use_crop": false, "use_upscale": false, "use_responsive_image": "inherit", "thumbnail_options": null, "picture_fluid": true, "picture_rounded": false, "picture_thumbnail": false}}, {"model": "bootstrap4_picture.bootstrap4picture", "pk": 923, "fields": {"template": "default", "picture": null, "external_picture": "https://boubyan.bankboubyan.com/media/filer_public/d0/95/d095805d-da0a-4d3f-b327-01a539b76e5f/mega_banner_-_570_x_512.jpg", "width": null, "height": null, "alignment": "", "caption_text": "", "attributes": {}, "link_url": null, "link_page": null, "link_target": "", "link_attributes": {}, "use_automatic_scaling": true, "use_no_cropping": false, "use_crop": false, "use_upscale": false, "use_responsive_image": "inherit", "thumbnail_options": null, "picture_fluid": true, "picture_rounded": false, "picture_thumbnail": false}}, {"model": "bootstrap4_picture.bootstrap4picture", "pk": 930, "fields": {"template": "default", "picture": null, "external_picture": "https://boubyan.bankboubyan.com/media/filer_public/f3/d3/f3d39be8-7440-4198-a4a2-fd13d0c047bc/large_banners_570x512_option_3.png", "width": null, "height": null, "alignment": "", "caption_text": "", "attributes": {}, "link_url": null, "link_page": null, "link_target": "", "link_attributes": {}, "use_automatic_scaling": true, "use_no_cropping": false, "use_crop": false, "use_upscale": false, "use_responsive_image": "inherit", "thumbnail_options": null, "picture_fluid": true, "picture_rounded": false, "picture_thumbnail": false}}, {"model": "bootstrap4_picture.bootstrap4picture", "pk": 940, "fields": {"template": "default", "picture": null, "external_picture": "https://boubyan.bankboubyan.com/media/filer_public/b6/dc/b6dc2bab-37e2-42ed-a1a5-c3d9befce820/boubyan_mastercardworld_t.jpg", "width": null, "height": null, "alignment": "", "caption_text": "", "attributes": {}, "link_url": null, "link_page": null, "link_target": "", "link_attributes": {}, "use_automatic_scaling": true, "use_no_cropping": false, "use_crop": false, "use_upscale": false, "use_responsive_image": "inherit", "thumbnail_options": null, "picture_fluid": true, "picture_rounded": false, "picture_thumbnail": false}}, {"model": "bootstrap4_picture.bootstrap4picture", "pk": 948, "fields": {"template": "default", "picture": null, "external_picture": "https://boubyan.bankboubyan.com/media/filer_public/8b/5f/8b5f67d8-ac34-4b8c-85a3-6baed3cc065f/special_edition_card_-_boubyan_15th_year_anniversary_202008_26_platinum_b_web_size_3.jpg", "width": null, "height": null, "alignment": "", "caption_text": "", "attributes": {}, "link_url": null, "link_page": null, "link_target": "", "link_attributes": {}, "use_automatic_scaling": true, "use_no_cropping": false, "use_crop": false, "use_upscale": false, "use_responsive_image": "inherit", "thumbnail_options": null, "picture_fluid": true, "picture_rounded": false, "picture_thumbnail": false}}, {"model": "bootstrap4_picture.bootstrap4picture", "pk": 956, "fields": {"template": "default", "picture": null, "external_picture": "https://boubyan.bankboubyan.com/media/filer_public/be/6f/be6f3c28-c9b6-41c1-8ae3-bf4bc9dc4548/new_usd_debit_card_-_campaign_web_202101_273.jpg", "width": null, "height": null, "alignment": "", "caption_text": "", "attributes": {}, "link_url": null, "link_page": null, "link_target": "", "link_attributes": {}, "use_automatic_scaling": true, "use_no_cropping": false, "use_crop": false, "use_upscale": false, "use_responsive_image": "inherit", "thumbnail_options": null, "picture_fluid": true, "picture_rounded": false, "picture_thumbnail": false}}, {"model": "bootstrap4_picture.bootstrap4picture", "pk": 979, "fields": {"template": "default", "picture": 7, "external_picture": null, "width": 720, "height": 720, "alignment": "", "caption_text": "", "attributes": {}, "link_url": null, "link_page": null, "link_target": "", "link_attributes": {}, "use_automatic_scaling": true, "use_no_cropping": false, "use_crop": false, "use_upscale": false, "use_responsive_image": "inherit", "thumbnail_options": null, "picture_fluid": true, "picture_rounded": false, "picture_thumbnail": false}}, {"model": "bootstrap4_picture.bootstrap4picture", "pk": 985, "fields": {"template": "default", "picture": 8, "external_picture": null, "width": 720, "height": 720, "alignment": "", "caption_text": "", "attributes": {}, "link_url": null, "link_page": null, "link_target": "", "link_attributes": {}, "use_automatic_scaling": true, "use_no_cropping": false, "use_crop": false, "use_upscale": false, "use_responsive_image": "inherit", "thumbnail_options": null, "picture_fluid": true, "picture_rounded": false, "picture_thumbnail": false}}, {"model": "bootstrap4_picture.bootstrap4picture", "pk": 1003, "fields": {"template": "default", "picture": null, "external_picture": "https://boubyan.bankboubyan.com/media/filer_public_thumbnails/filer_public/aa/47/aa47525b-a28c-4c49-868f-8267c37d6497/b_personal_boubyan_branches_h.jpg__1440x480_q85_subsampling-2.jpg", "width": null, "height": null, "alignment": "", "caption_text": "", "attributes": {}, "link_url": null, "link_page": null, "link_target": "", "link_attributes": {}, "use_automatic_scaling": true, "use_no_cropping": false, "use_crop": false, "use_upscale": false, "use_responsive_image": "inherit", "thumbnail_options": null, "picture_fluid": true, "picture_rounded": false, "picture_thumbnail": false}}, {"model": "auth.permission", "pk": 1, "fields": {"name": "Can use Structure mode", "content_type": 1, "codename": "use_structure"}}, {"model": "auth.permission", "pk": 2, "fields": {"name": "Can change page", "content_type": 2, "codename": "change_page"}}, {"model": "auth.permission", "pk": 3, "fields": {"name": "Can add site", "content_type": 3, "codename": "add_site"}}, {"model": "auth.permission", "pk": 4, "fields": {"name": "Can change site", "content_type": 3, "codename": "change_site"}}, {"model": "auth.permission", "pk": 5, "fields": {"name": "Can delete site", "content_type": 3, "codename": "delete_site"}}, {"model": "auth.permission", "pk": 6, "fields": {"name": "Can view site", "content_type": 3, "codename": "view_site"}}, {"model": "auth.permission", "pk": 7, "fields": {"name": "Can add log entry", "content_type": 4, "codename": "add_logentry"}}, {"model": "auth.permission", "pk": 8, "fields": {"name": "Can change log entry", "content_type": 4, "codename": "change_logentry"}}, {"model": "auth.permission", "pk": 9, "fields": {"name": "Can delete log entry", "content_type": 4, "codename": "delete_logentry"}}, {"model": "auth.permission", "pk": 10, "fields": {"name": "Can view log entry", "content_type": 4, "codename": "view_logentry"}}, {"model": "auth.permission", "pk": 11, "fields": {"name": "Can add permission", "content_type": 5, "codename": "add_permission"}}, {"model": "auth.permission", "pk": 12, "fields": {"name": "Can change permission", "content_type": 5, "codename": "change_permission"}}, {"model": "auth.permission", "pk": 13, "fields": {"name": "Can delete permission", "content_type": 5, "codename": "delete_permission"}}, {"model": "auth.permission", "pk": 14, "fields": {"name": "Can view permission", "content_type": 5, "codename": "view_permission"}}, {"model": "auth.permission", "pk": 15, "fields": {"name": "Can add group", "content_type": 6, "codename": "add_group"}}, {"model": "auth.permission", "pk": 16, "fields": {"name": "Can change group", "content_type": 6, "codename": "change_group"}}, {"model": "auth.permission", "pk": 17, "fields": {"name": "Can delete group", "content_type": 6, "codename": "delete_group"}}, {"model": "auth.permission", "pk": 18, "fields": {"name": "Can view group", "content_type": 6, "codename": "view_group"}}, {"model": "auth.permission", "pk": 19, "fields": {"name": "Can add user", "content_type": 7, "codename": "add_user"}}, {"model": "auth.permission", "pk": 20, "fields": {"name": "Can change user", "content_type": 7, "codename": "change_user"}}, {"model": "auth.permission", "pk": 21, "fields": {"name": "Can delete user", "content_type": 7, "codename": "delete_user"}}, {"model": "auth.permission", "pk": 22, "fields": {"name": "Can view user", "content_type": 7, "codename": "view_user"}}, {"model": "auth.permission", "pk": 23, "fields": {"name": "Can add content type", "content_type": 8, "codename": "add_contenttype"}}, {"model": "auth.permission", "pk": 24, "fields": {"name": "Can change content type", "content_type": 8, "codename": "change_contenttype"}}, {"model": "auth.permission", "pk": 25, "fields": {"name": "Can delete content type", "content_type": 8, "codename": "delete_contenttype"}}, {"model": "auth.permission", "pk": 26, "fields": {"name": "Can view content type", "content_type": 8, "codename": "view_contenttype"}}, {"model": "auth.permission", "pk": 27, "fields": {"name": "Can add session", "content_type": 9, "codename": "add_session"}}, {"model": "auth.permission", "pk": 28, "fields": {"name": "Can change session", "content_type": 9, "codename": "change_session"}}, {"model": "auth.permission", "pk": 29, "fields": {"name": "Can delete session", "content_type": 9, "codename": "delete_session"}}, {"model": "auth.permission", "pk": 30, "fields": {"name": "Can view session", "content_type": 9, "codename": "view_session"}}, {"model": "auth.permission", "pk": 31, "fields": {"name": "Can add cms plugin", "content_type": 10, "codename": "add_cmsplugin"}}, {"model": "auth.permission", "pk": 32, "fields": {"name": "Can change cms plugin", "content_type": 10, "codename": "change_cmsplugin"}}, {"model": "auth.permission", "pk": 33, "fields": {"name": "Can delete cms plugin", "content_type": 10, "codename": "delete_cmsplugin"}}, {"model": "auth.permission", "pk": 34, "fields": {"name": "Can view cms plugin", "content_type": 10, "codename": "view_cmsplugin"}}, {"model": "auth.permission", "pk": 35, "fields": {"name": "Can add alias plugin model", "content_type": 11, "codename": "add_aliaspluginmodel"}}, {"model": "auth.permission", "pk": 36, "fields": {"name": "Can change alias plugin model", "content_type": 11, "codename": "change_aliaspluginmodel"}}, {"model": "auth.permission", "pk": 37, "fields": {"name": "Can delete alias plugin model", "content_type": 11, "codename": "delete_aliaspluginmodel"}}, {"model": "auth.permission", "pk": 38, "fields": {"name": "Can view alias plugin model", "content_type": 11, "codename": "view_aliaspluginmodel"}}, {"model": "auth.permission", "pk": 39, "fields": {"name": "Can add Page global permission", "content_type": 12, "codename": "add_globalpagepermission"}}, {"model": "auth.permission", "pk": 40, "fields": {"name": "Can change Page global permission", "content_type": 12, "codename": "change_globalpagepermission"}}, {"model": "auth.permission", "pk": 41, "fields": {"name": "Can delete Page global permission", "content_type": 12, "codename": "delete_globalpagepermission"}}, {"model": "auth.permission", "pk": 42, "fields": {"name": "Can view Page global permission", "content_type": 12, "codename": "view_globalpagepermission"}}, {"model": "auth.permission", "pk": 43, "fields": {"name": "Can add page", "content_type": 2, "codename": "add_page"}}, {"model": "auth.permission", "pk": 44, "fields": {"name": "Can delete page", "content_type": 2, "codename": "delete_page"}}, {"model": "auth.permission", "pk": 45, "fields": {"name": "Can view page", "content_type": 2, "codename": "view_page"}}, {"model": "auth.permission", "pk": 46, "fields": {"name": "Can publish page", "content_type": 2, "codename": "publish_page"}}, {"model": "auth.permission", "pk": 47, "fields": {"name": "Can edit static placeholders", "content_type": 2, "codename": "edit_static_placeholder"}}, {"model": "auth.permission", "pk": 48, "fields": {"name": "Can add Page permission", "content_type": 13, "codename": "add_pagepermission"}}, {"model": "auth.permission", "pk": 49, "fields": {"name": "Can change Page permission", "content_type": 13, "codename": "change_pagepermission"}}, {"model": "auth.permission", "pk": 50, "fields": {"name": "Can delete Page permission", "content_type": 13, "codename": "delete_pagepermission"}}, {"model": "auth.permission", "pk": 51, "fields": {"name": "Can view Page permission", "content_type": 13, "codename": "view_pagepermission"}}, {"model": "auth.permission", "pk": 52, "fields": {"name": "Can add User (page)", "content_type": 14, "codename": "add_pageuser"}}, {"model": "auth.permission", "pk": 53, "fields": {"name": "Can change User (page)", "content_type": 14, "codename": "change_pageuser"}}, {"model": "auth.permission", "pk": 54, "fields": {"name": "Can delete User (page)", "content_type": 14, "codename": "delete_pageuser"}}, {"model": "auth.permission", "pk": 55, "fields": {"name": "Can view User (page)", "content_type": 14, "codename": "view_pageuser"}}, {"model": "auth.permission", "pk": 56, "fields": {"name": "Can add User group (page)", "content_type": 15, "codename": "add_pageusergroup"}}, {"model": "auth.permission", "pk": 57, "fields": {"name": "Can change User group (page)", "content_type": 15, "codename": "change_pageusergroup"}}, {"model": "auth.permission", "pk": 58, "fields": {"name": "Can delete User group (page)", "content_type": 15, "codename": "delete_pageusergroup"}}, {"model": "auth.permission", "pk": 59, "fields": {"name": "Can view User group (page)", "content_type": 15, "codename": "view_pageusergroup"}}, {"model": "auth.permission", "pk": 60, "fields": {"name": "Can add placeholder", "content_type": 1, "codename": "add_placeholder"}}, {"model": "auth.permission", "pk": 61, "fields": {"name": "Can change placeholder", "content_type": 1, "codename": "change_placeholder"}}, {"model": "auth.permission", "pk": 62, "fields": {"name": "Can delete placeholder", "content_type": 1, "codename": "delete_placeholder"}}, {"model": "auth.permission", "pk": 63, "fields": {"name": "Can view placeholder", "content_type": 1, "codename": "view_placeholder"}}, {"model": "auth.permission", "pk": 64, "fields": {"name": "Can add placeholder reference", "content_type": 16, "codename": "add_placeholderreference"}}, {"model": "auth.permission", "pk": 65, "fields": {"name": "Can change placeholder reference", "content_type": 16, "codename": "change_placeholderreference"}}, {"model": "auth.permission", "pk": 66, "fields": {"name": "Can delete placeholder reference", "content_type": 16, "codename": "delete_placeholderreference"}}, {"model": "auth.permission", "pk": 67, "fields": {"name": "Can view placeholder reference", "content_type": 16, "codename": "view_placeholderreference"}}, {"model": "auth.permission", "pk": 68, "fields": {"name": "Can add static placeholder", "content_type": 17, "codename": "add_staticplaceholder"}}, {"model": "auth.permission", "pk": 69, "fields": {"name": "Can change static placeholder", "content_type": 17, "codename": "change_staticplaceholder"}}, {"model": "auth.permission", "pk": 70, "fields": {"name": "Can delete static placeholder", "content_type": 17, "codename": "delete_staticplaceholder"}}, {"model": "auth.permission", "pk": 71, "fields": {"name": "Can view static placeholder", "content_type": 17, "codename": "view_staticplaceholder"}}, {"model": "auth.permission", "pk": 72, "fields": {"name": "Can add title", "content_type": 18, "codename": "add_title"}}, {"model": "auth.permission", "pk": 73, "fields": {"name": "Can change title", "content_type": 18, "codename": "change_title"}}, {"model": "auth.permission", "pk": 74, "fields": {"name": "Can delete title", "content_type": 18, "codename": "delete_title"}}, {"model": "auth.permission", "pk": 75, "fields": {"name": "Can view title", "content_type": 18, "codename": "view_title"}}, {"model": "auth.permission", "pk": 76, "fields": {"name": "Can add user setting", "content_type": 19, "codename": "add_usersettings"}}, {"model": "auth.permission", "pk": 77, "fields": {"name": "Can change user setting", "content_type": 19, "codename": "change_usersettings"}}, {"model": "auth.permission", "pk": 78, "fields": {"name": "Can delete user setting", "content_type": 19, "codename": "delete_usersettings"}}, {"model": "auth.permission", "pk": 79, "fields": {"name": "Can view user setting", "content_type": 19, "codename": "view_usersettings"}}, {"model": "auth.permission", "pk": 80, "fields": {"name": "Can add urlconf revision", "content_type": 20, "codename": "add_urlconfrevision"}}, {"model": "auth.permission", "pk": 81, "fields": {"name": "Can change urlconf revision", "content_type": 20, "codename": "change_urlconfrevision"}}, {"model": "auth.permission", "pk": 82, "fields": {"name": "Can delete urlconf revision", "content_type": 20, "codename": "delete_urlconfrevision"}}, {"model": "auth.permission", "pk": 83, "fields": {"name": "Can view urlconf revision", "content_type": 20, "codename": "view_urlconfrevision"}}, {"model": "auth.permission", "pk": 84, "fields": {"name": "Can add cache key", "content_type": 23, "codename": "add_cachekey"}}, {"model": "auth.permission", "pk": 85, "fields": {"name": "Can change cache key", "content_type": 23, "codename": "change_cachekey"}}, {"model": "auth.permission", "pk": 86, "fields": {"name": "Can delete cache key", "content_type": 23, "codename": "delete_cachekey"}}, {"model": "auth.permission", "pk": 87, "fields": {"name": "Can view cache key", "content_type": 23, "codename": "view_cachekey"}}, {"model": "auth.permission", "pk": 88, "fields": {"name": "Can add clipboard", "content_type": 24, "codename": "add_clipboard"}}, {"model": "auth.permission", "pk": 89, "fields": {"name": "Can change clipboard", "content_type": 24, "codename": "change_clipboard"}}, {"model": "auth.permission", "pk": 90, "fields": {"name": "Can delete clipboard", "content_type": 24, "codename": "delete_clipboard"}}, {"model": "auth.permission", "pk": 91, "fields": {"name": "Can view clipboard", "content_type": 24, "codename": "view_clipboard"}}, {"model": "auth.permission", "pk": 92, "fields": {"name": "Can add clipboard item", "content_type": 25, "codename": "add_clipboarditem"}}, {"model": "auth.permission", "pk": 93, "fields": {"name": "Can change clipboard item", "content_type": 25, "codename": "change_clipboarditem"}}, {"model": "auth.permission", "pk": 94, "fields": {"name": "Can delete clipboard item", "content_type": 25, "codename": "delete_clipboarditem"}}, {"model": "auth.permission", "pk": 95, "fields": {"name": "Can view clipboard item", "content_type": 25, "codename": "view_clipboarditem"}}, {"model": "auth.permission", "pk": 96, "fields": {"name": "Can add file", "content_type": 26, "codename": "add_file"}}, {"model": "auth.permission", "pk": 97, "fields": {"name": "Can change file", "content_type": 26, "codename": "change_file"}}, {"model": "auth.permission", "pk": 98, "fields": {"name": "Can delete file", "content_type": 26, "codename": "delete_file"}}, {"model": "auth.permission", "pk": 99, "fields": {"name": "Can view file", "content_type": 26, "codename": "view_file"}}, {"model": "auth.permission", "pk": 100, "fields": {"name": "Can add Folder", "content_type": 27, "codename": "add_folder"}}, {"model": "auth.permission", "pk": 101, "fields": {"name": "Can change Folder", "content_type": 27, "codename": "change_folder"}}, {"model": "auth.permission", "pk": 102, "fields": {"name": "Can delete Folder", "content_type": 27, "codename": "delete_folder"}}, {"model": "auth.permission", "pk": 103, "fields": {"name": "Can view Folder", "content_type": 27, "codename": "view_folder"}}, {"model": "auth.permission", "pk": 104, "fields": {"name": "Can use directory listing", "content_type": 27, "codename": "can_use_directory_listing"}}, {"model": "auth.permission", "pk": 105, "fields": {"name": "Can add folder permission", "content_type": 28, "codename": "add_folderpermission"}}, {"model": "auth.permission", "pk": 106, "fields": {"name": "Can change folder permission", "content_type": 28, "codename": "change_folderpermission"}}, {"model": "auth.permission", "pk": 107, "fields": {"name": "Can delete folder permission", "content_type": 28, "codename": "delete_folderpermission"}}, {"model": "auth.permission", "pk": 108, "fields": {"name": "Can view folder permission", "content_type": 28, "codename": "view_folderpermission"}}, {"model": "auth.permission", "pk": 109, "fields": {"name": "Can add image", "content_type": 29, "codename": "add_image"}}, {"model": "auth.permission", "pk": 110, "fields": {"name": "Can change image", "content_type": 29, "codename": "change_image"}}, {"model": "auth.permission", "pk": 111, "fields": {"name": "Can delete image", "content_type": 29, "codename": "delete_image"}}, {"model": "auth.permission", "pk": 112, "fields": {"name": "Can view image", "content_type": 29, "codename": "view_image"}}, {"model": "auth.permission", "pk": 113, "fields": {"name": "Can add thumbnail option", "content_type": 30, "codename": "add_thumbnailoption"}}, {"model": "auth.permission", "pk": 114, "fields": {"name": "Can change thumbnail option", "content_type": 30, "codename": "change_thumbnailoption"}}, {"model": "auth.permission", "pk": 115, "fields": {"name": "Can delete thumbnail option", "content_type": 30, "codename": "delete_thumbnailoption"}}, {"model": "auth.permission", "pk": 116, "fields": {"name": "Can view thumbnail option", "content_type": 30, "codename": "view_thumbnailoption"}}, {"model": "auth.permission", "pk": 117, "fields": {"name": "Can add source", "content_type": 31, "codename": "add_source"}}, {"model": "auth.permission", "pk": 118, "fields": {"name": "Can change source", "content_type": 31, "codename": "change_source"}}, {"model": "auth.permission", "pk": 119, "fields": {"name": "Can delete source", "content_type": 31, "codename": "delete_source"}}, {"model": "auth.permission", "pk": 120, "fields": {"name": "Can view source", "content_type": 31, "codename": "view_source"}}, {"model": "auth.permission", "pk": 121, "fields": {"name": "Can add thumbnail", "content_type": 32, "codename": "add_thumbnail"}}, {"model": "auth.permission", "pk": 122, "fields": {"name": "Can change thumbnail", "content_type": 32, "codename": "change_thumbnail"}}, {"model": "auth.permission", "pk": 123, "fields": {"name": "Can delete thumbnail", "content_type": 32, "codename": "delete_thumbnail"}}, {"model": "auth.permission", "pk": 124, "fields": {"name": "Can view thumbnail", "content_type": 32, "codename": "view_thumbnail"}}, {"model": "auth.permission", "pk": 125, "fields": {"name": "Can add thumbnail dimensions", "content_type": 33, "codename": "add_thumbnaildimensions"}}, {"model": "auth.permission", "pk": 126, "fields": {"name": "Can change thumbnail dimensions", "content_type": 33, "codename": "change_thumbnaildimensions"}}, {"model": "auth.permission", "pk": 127, "fields": {"name": "Can delete thumbnail dimensions", "content_type": 33, "codename": "delete_thumbnaildimensions"}}, {"model": "auth.permission", "pk": 128, "fields": {"name": "Can view thumbnail dimensions", "content_type": 33, "codename": "view_thumbnaildimensions"}}, {"model": "auth.permission", "pk": 129, "fields": {"name": "Can add text", "content_type": 34, "codename": "add_text"}}, {"model": "auth.permission", "pk": 130, "fields": {"name": "Can change text", "content_type": 34, "codename": "change_text"}}, {"model": "auth.permission", "pk": 131, "fields": {"name": "Can delete text", "content_type": 34, "codename": "delete_text"}}, {"model": "auth.permission", "pk": 132, "fields": {"name": "Can view text", "content_type": 34, "codename": "view_text"}}, {"model": "auth.permission", "pk": 133, "fields": {"name": "Can add link", "content_type": 35, "codename": "add_link"}}, {"model": "auth.permission", "pk": 134, "fields": {"name": "Can change link", "content_type": 35, "codename": "change_link"}}, {"model": "auth.permission", "pk": 135, "fields": {"name": "Can delete link", "content_type": 35, "codename": "delete_link"}}, {"model": "auth.permission", "pk": 136, "fields": {"name": "Can view link", "content_type": 35, "codename": "view_link"}}, {"model": "auth.permission", "pk": 137, "fields": {"name": "Can add file", "content_type": 36, "codename": "add_file"}}, {"model": "auth.permission", "pk": 138, "fields": {"name": "Can change file", "content_type": 36, "codename": "change_file"}}, {"model": "auth.permission", "pk": 139, "fields": {"name": "Can delete file", "content_type": 36, "codename": "delete_file"}}, {"model": "auth.permission", "pk": 140, "fields": {"name": "Can view file", "content_type": 36, "codename": "view_file"}}, {"model": "auth.permission", "pk": 141, "fields": {"name": "Can add folder", "content_type": 37, "codename": "add_folder"}}, {"model": "auth.permission", "pk": 142, "fields": {"name": "Can change folder", "content_type": 37, "codename": "change_folder"}}, {"model": "auth.permission", "pk": 143, "fields": {"name": "Can delete folder", "content_type": 37, "codename": "delete_folder"}}, {"model": "auth.permission", "pk": 144, "fields": {"name": "Can view folder", "content_type": 37, "codename": "view_folder"}}, {"model": "auth.permission", "pk": 145, "fields": {"name": "Can add picture", "content_type": 38, "codename": "add_picture"}}, {"model": "auth.permission", "pk": 146, "fields": {"name": "Can change picture", "content_type": 38, "codename": "change_picture"}}, {"model": "auth.permission", "pk": 147, "fields": {"name": "Can delete picture", "content_type": 38, "codename": "delete_picture"}}, {"model": "auth.permission", "pk": 148, "fields": {"name": "Can view picture", "content_type": 38, "codename": "view_picture"}}, {"model": "auth.permission", "pk": 149, "fields": {"name": "Can add video player", "content_type": 39, "codename": "add_videoplayer"}}, {"model": "auth.permission", "pk": 150, "fields": {"name": "Can change video player", "content_type": 39, "codename": "change_videoplayer"}}, {"model": "auth.permission", "pk": 151, "fields": {"name": "Can delete video player", "content_type": 39, "codename": "delete_videoplayer"}}, {"model": "auth.permission", "pk": 152, "fields": {"name": "Can view video player", "content_type": 39, "codename": "view_videoplayer"}}, {"model": "auth.permission", "pk": 153, "fields": {"name": "Can add video source", "content_type": 40, "codename": "add_videosource"}}, {"model": "auth.permission", "pk": 154, "fields": {"name": "Can change video source", "content_type": 40, "codename": "change_videosource"}}, {"model": "auth.permission", "pk": 155, "fields": {"name": "Can delete video source", "content_type": 40, "codename": "delete_videosource"}}, {"model": "auth.permission", "pk": 156, "fields": {"name": "Can view video source", "content_type": 40, "codename": "view_videosource"}}, {"model": "auth.permission", "pk": 157, "fields": {"name": "Can add video track", "content_type": 41, "codename": "add_videotrack"}}, {"model": "auth.permission", "pk": 158, "fields": {"name": "Can change video track", "content_type": 41, "codename": "change_videotrack"}}, {"model": "auth.permission", "pk": 159, "fields": {"name": "Can delete video track", "content_type": 41, "codename": "delete_videotrack"}}, {"model": "auth.permission", "pk": 160, "fields": {"name": "Can view video track", "content_type": 41, "codename": "view_videotrack"}}, {"model": "auth.permission", "pk": 161, "fields": {"name": "Can add google map", "content_type": 42, "codename": "add_googlemap"}}, {"model": "auth.permission", "pk": 162, "fields": {"name": "Can change google map", "content_type": 42, "codename": "change_googlemap"}}, {"model": "auth.permission", "pk": 163, "fields": {"name": "Can delete google map", "content_type": 42, "codename": "delete_googlemap"}}, {"model": "auth.permission", "pk": 164, "fields": {"name": "Can view google map", "content_type": 42, "codename": "view_googlemap"}}, {"model": "auth.permission", "pk": 165, "fields": {"name": "Can add google map marker", "content_type": 43, "codename": "add_googlemapmarker"}}, {"model": "auth.permission", "pk": 166, "fields": {"name": "Can change google map marker", "content_type": 43, "codename": "change_googlemapmarker"}}, {"model": "auth.permission", "pk": 167, "fields": {"name": "Can delete google map marker", "content_type": 43, "codename": "delete_googlemapmarker"}}, {"model": "auth.permission", "pk": 168, "fields": {"name": "Can view google map marker", "content_type": 43, "codename": "view_googlemapmarker"}}, {"model": "auth.permission", "pk": 169, "fields": {"name": "Can add google map route", "content_type": 44, "codename": "add_googlemaproute"}}, {"model": "auth.permission", "pk": 170, "fields": {"name": "Can change google map route", "content_type": 44, "codename": "change_googlemaproute"}}, {"model": "auth.permission", "pk": 171, "fields": {"name": "Can delete google map route", "content_type": 44, "codename": "delete_googlemaproute"}}, {"model": "auth.permission", "pk": 172, "fields": {"name": "Can view google map route", "content_type": 44, "codename": "view_googlemaproute"}}, {"model": "auth.permission", "pk": 173, "fields": {"name": "Can add Snippet", "content_type": 45, "codename": "add_snippet"}}, {"model": "auth.permission", "pk": 174, "fields": {"name": "Can change Snippet", "content_type": 45, "codename": "change_snippet"}}, {"model": "auth.permission", "pk": 175, "fields": {"name": "Can delete Snippet", "content_type": 45, "codename": "delete_snippet"}}, {"model": "auth.permission", "pk": 176, "fields": {"name": "Can view Snippet", "content_type": 45, "codename": "view_snippet"}}, {"model": "auth.permission", "pk": 177, "fields": {"name": "Can add Snippet Ptr", "content_type": 46, "codename": "add_snippetptr"}}, {"model": "auth.permission", "pk": 178, "fields": {"name": "Can change Snippet Ptr", "content_type": 46, "codename": "change_snippetptr"}}, {"model": "auth.permission", "pk": 179, "fields": {"name": "Can delete Snippet Ptr", "content_type": 46, "codename": "delete_snippetptr"}}, {"model": "auth.permission", "pk": 180, "fields": {"name": "Can view Snippet Ptr", "content_type": 46, "codename": "view_snippetptr"}}, {"model": "auth.permission", "pk": 181, "fields": {"name": "Can add style", "content_type": 47, "codename": "add_style"}}, {"model": "auth.permission", "pk": 182, "fields": {"name": "Can change style", "content_type": 47, "codename": "change_style"}}, {"model": "auth.permission", "pk": 183, "fields": {"name": "Can delete style", "content_type": 47, "codename": "delete_style"}}, {"model": "auth.permission", "pk": 184, "fields": {"name": "Can view style", "content_type": 47, "codename": "view_style"}}, {"model": "auth.permission", "pk": 185, "fields": {"name": "Can add icon", "content_type": 48, "codename": "add_icon"}}, {"model": "auth.permission", "pk": 186, "fields": {"name": "Can change icon", "content_type": 48, "codename": "change_icon"}}, {"model": "auth.permission", "pk": 187, "fields": {"name": "Can delete icon", "content_type": 48, "codename": "delete_icon"}}, {"model": "auth.permission", "pk": 188, "fields": {"name": "Can view icon", "content_type": 48, "codename": "view_icon"}}, {"model": "auth.permission", "pk": 189, "fields": {"name": "Can add bootstrap4 alerts", "content_type": 49, "codename": "add_bootstrap4alerts"}}, {"model": "auth.permission", "pk": 190, "fields": {"name": "Can change bootstrap4 alerts", "content_type": 49, "codename": "change_bootstrap4alerts"}}, {"model": "auth.permission", "pk": 191, "fields": {"name": "Can delete bootstrap4 alerts", "content_type": 49, "codename": "delete_bootstrap4alerts"}}, {"model": "auth.permission", "pk": 192, "fields": {"name": "Can view bootstrap4 alerts", "content_type": 49, "codename": "view_bootstrap4alerts"}}, {"model": "auth.permission", "pk": 193, "fields": {"name": "Can add bootstrap4 badge", "content_type": 50, "codename": "add_bootstrap4badge"}}, {"model": "auth.permission", "pk": 194, "fields": {"name": "Can change bootstrap4 badge", "content_type": 50, "codename": "change_bootstrap4badge"}}, {"model": "auth.permission", "pk": 195, "fields": {"name": "Can delete bootstrap4 badge", "content_type": 50, "codename": "delete_bootstrap4badge"}}, {"model": "auth.permission", "pk": 196, "fields": {"name": "Can view bootstrap4 badge", "content_type": 50, "codename": "view_bootstrap4badge"}}, {"model": "auth.permission", "pk": 197, "fields": {"name": "Can add bootstrap4 card", "content_type": 51, "codename": "add_bootstrap4card"}}, {"model": "auth.permission", "pk": 198, "fields": {"name": "Can change bootstrap4 card", "content_type": 51, "codename": "change_bootstrap4card"}}, {"model": "auth.permission", "pk": 199, "fields": {"name": "Can delete bootstrap4 card", "content_type": 51, "codename": "delete_bootstrap4card"}}, {"model": "auth.permission", "pk": 200, "fields": {"name": "Can view bootstrap4 card", "content_type": 51, "codename": "view_bootstrap4card"}}, {"model": "auth.permission", "pk": 201, "fields": {"name": "Can add bootstrap4 card inner", "content_type": 52, "codename": "add_bootstrap4cardinner"}}, {"model": "auth.permission", "pk": 202, "fields": {"name": "Can change bootstrap4 card inner", "content_type": 52, "codename": "change_bootstrap4cardinner"}}, {"model": "auth.permission", "pk": 203, "fields": {"name": "Can delete bootstrap4 card inner", "content_type": 52, "codename": "delete_bootstrap4cardinner"}}, {"model": "auth.permission", "pk": 204, "fields": {"name": "Can view bootstrap4 card inner", "content_type": 52, "codename": "view_bootstrap4cardinner"}}, {"model": "auth.permission", "pk": 205, "fields": {"name": "Can add bootstrap4 carousel", "content_type": 53, "codename": "add_bootstrap4carousel"}}, {"model": "auth.permission", "pk": 206, "fields": {"name": "Can change bootstrap4 carousel", "content_type": 53, "codename": "change_bootstrap4carousel"}}, {"model": "auth.permission", "pk": 207, "fields": {"name": "Can delete bootstrap4 carousel", "content_type": 53, "codename": "delete_bootstrap4carousel"}}, {"model": "auth.permission", "pk": 208, "fields": {"name": "Can view bootstrap4 carousel", "content_type": 53, "codename": "view_bootstrap4carousel"}}, {"model": "auth.permission", "pk": 209, "fields": {"name": "Can add bootstrap4 carousel slide", "content_type": 54, "codename": "add_bootstrap4carouselslide"}}, {"model": "auth.permission", "pk": 210, "fields": {"name": "Can change bootstrap4 carousel slide", "content_type": 54, "codename": "change_bootstrap4carouselslide"}}, {"model": "auth.permission", "pk": 211, "fields": {"name": "Can delete bootstrap4 carousel slide", "content_type": 54, "codename": "delete_bootstrap4carouselslide"}}, {"model": "auth.permission", "pk": 212, "fields": {"name": "Can view bootstrap4 carousel slide", "content_type": 54, "codename": "view_bootstrap4carouselslide"}}, {"model": "auth.permission", "pk": 213, "fields": {"name": "Can add bootstrap4 collapse", "content_type": 55, "codename": "add_bootstrap4collapse"}}, {"model": "auth.permission", "pk": 214, "fields": {"name": "Can change bootstrap4 collapse", "content_type": 55, "codename": "change_bootstrap4collapse"}}, {"model": "auth.permission", "pk": 215, "fields": {"name": "Can delete bootstrap4 collapse", "content_type": 55, "codename": "delete_bootstrap4collapse"}}, {"model": "auth.permission", "pk": 216, "fields": {"name": "Can view bootstrap4 collapse", "content_type": 55, "codename": "view_bootstrap4collapse"}}, {"model": "auth.permission", "pk": 217, "fields": {"name": "Can add bootstrap4 collapse container", "content_type": 56, "codename": "add_bootstrap4collapsecontainer"}}, {"model": "auth.permission", "pk": 218, "fields": {"name": "Can change bootstrap4 collapse container", "content_type": 56, "codename": "change_bootstrap4collapsecontainer"}}, {"model": "auth.permission", "pk": 219, "fields": {"name": "Can delete bootstrap4 collapse container", "content_type": 56, "codename": "delete_bootstrap4collapsecontainer"}}, {"model": "auth.permission", "pk": 220, "fields": {"name": "Can view bootstrap4 collapse container", "content_type": 56, "codename": "view_bootstrap4collapsecontainer"}}, {"model": "auth.permission", "pk": 221, "fields": {"name": "Can add bootstrap4 collapse trigger", "content_type": 57, "codename": "add_bootstrap4collapsetrigger"}}, {"model": "auth.permission", "pk": 222, "fields": {"name": "Can change bootstrap4 collapse trigger", "content_type": 57, "codename": "change_bootstrap4collapsetrigger"}}, {"model": "auth.permission", "pk": 223, "fields": {"name": "Can delete bootstrap4 collapse trigger", "content_type": 57, "codename": "delete_bootstrap4collapsetrigger"}}, {"model": "auth.permission", "pk": 224, "fields": {"name": "Can view bootstrap4 collapse trigger", "content_type": 57, "codename": "view_bootstrap4collapsetrigger"}}, {"model": "auth.permission", "pk": 225, "fields": {"name": "Can add bootstrap4 blockquote", "content_type": 58, "codename": "add_bootstrap4blockquote"}}, {"model": "auth.permission", "pk": 226, "fields": {"name": "Can change bootstrap4 blockquote", "content_type": 58, "codename": "change_bootstrap4blockquote"}}, {"model": "auth.permission", "pk": 227, "fields": {"name": "Can delete bootstrap4 blockquote", "content_type": 58, "codename": "delete_bootstrap4blockquote"}}, {"model": "auth.permission", "pk": 228, "fields": {"name": "Can view bootstrap4 blockquote", "content_type": 58, "codename": "view_bootstrap4blockquote"}}, {"model": "auth.permission", "pk": 229, "fields": {"name": "Can add bootstrap4 code", "content_type": 59, "codename": "add_bootstrap4code"}}, {"model": "auth.permission", "pk": 230, "fields": {"name": "Can change bootstrap4 code", "content_type": 59, "codename": "change_bootstrap4code"}}, {"model": "auth.permission", "pk": 231, "fields": {"name": "Can delete bootstrap4 code", "content_type": 59, "codename": "delete_bootstrap4code"}}, {"model": "auth.permission", "pk": 232, "fields": {"name": "Can view bootstrap4 code", "content_type": 59, "codename": "view_bootstrap4code"}}, {"model": "auth.permission", "pk": 233, "fields": {"name": "Can add bootstrap4 figure", "content_type": 60, "codename": "add_bootstrap4figure"}}, {"model": "auth.permission", "pk": 234, "fields": {"name": "Can change bootstrap4 figure", "content_type": 60, "codename": "change_bootstrap4figure"}}, {"model": "auth.permission", "pk": 235, "fields": {"name": "Can delete bootstrap4 figure", "content_type": 60, "codename": "delete_bootstrap4figure"}}, {"model": "auth.permission", "pk": 236, "fields": {"name": "Can view bootstrap4 figure", "content_type": 60, "codename": "view_bootstrap4figure"}}, {"model": "auth.permission", "pk": 237, "fields": {"name": "Can add bootstrap4 grid column", "content_type": 61, "codename": "add_bootstrap4gridcolumn"}}, {"model": "auth.permission", "pk": 238, "fields": {"name": "Can change bootstrap4 grid column", "content_type": 61, "codename": "change_bootstrap4gridcolumn"}}, {"model": "auth.permission", "pk": 239, "fields": {"name": "Can delete bootstrap4 grid column", "content_type": 61, "codename": "delete_bootstrap4gridcolumn"}}, {"model": "auth.permission", "pk": 240, "fields": {"name": "Can view bootstrap4 grid column", "content_type": 61, "codename": "view_bootstrap4gridcolumn"}}, {"model": "auth.permission", "pk": 241, "fields": {"name": "Can add bootstrap4 grid container", "content_type": 62, "codename": "add_bootstrap4gridcontainer"}}, {"model": "auth.permission", "pk": 242, "fields": {"name": "Can change bootstrap4 grid container", "content_type": 62, "codename": "change_bootstrap4gridcontainer"}}, {"model": "auth.permission", "pk": 243, "fields": {"name": "Can delete bootstrap4 grid container", "content_type": 62, "codename": "delete_bootstrap4gridcontainer"}}, {"model": "auth.permission", "pk": 244, "fields": {"name": "Can view bootstrap4 grid container", "content_type": 62, "codename": "view_bootstrap4gridcontainer"}}, {"model": "auth.permission", "pk": 245, "fields": {"name": "Can add bootstrap4 grid row", "content_type": 63, "codename": "add_bootstrap4gridrow"}}, {"model": "auth.permission", "pk": 246, "fields": {"name": "Can change bootstrap4 grid row", "content_type": 63, "codename": "change_bootstrap4gridrow"}}, {"model": "auth.permission", "pk": 247, "fields": {"name": "Can delete bootstrap4 grid row", "content_type": 63, "codename": "delete_bootstrap4gridrow"}}, {"model": "auth.permission", "pk": 248, "fields": {"name": "Can view bootstrap4 grid row", "content_type": 63, "codename": "view_bootstrap4gridrow"}}, {"model": "auth.permission", "pk": 249, "fields": {"name": "Can add bootstrap4 jumbotron", "content_type": 64, "codename": "add_bootstrap4jumbotron"}}, {"model": "auth.permission", "pk": 250, "fields": {"name": "Can change bootstrap4 jumbotron", "content_type": 64, "codename": "change_bootstrap4jumbotron"}}, {"model": "auth.permission", "pk": 251, "fields": {"name": "Can delete bootstrap4 jumbotron", "content_type": 64, "codename": "delete_bootstrap4jumbotron"}}, {"model": "auth.permission", "pk": 252, "fields": {"name": "Can view bootstrap4 jumbotron", "content_type": 64, "codename": "view_bootstrap4jumbotron"}}, {"model": "auth.permission", "pk": 253, "fields": {"name": "Can add bootstrap4 link", "content_type": 65, "codename": "add_bootstrap4link"}}, {"model": "auth.permission", "pk": 254, "fields": {"name": "Can change bootstrap4 link", "content_type": 65, "codename": "change_bootstrap4link"}}, {"model": "auth.permission", "pk": 255, "fields": {"name": "Can delete bootstrap4 link", "content_type": 65, "codename": "delete_bootstrap4link"}}, {"model": "auth.permission", "pk": 256, "fields": {"name": "Can view bootstrap4 link", "content_type": 65, "codename": "view_bootstrap4link"}}, {"model": "auth.permission", "pk": 257, "fields": {"name": "Can add bootstrap4 list group", "content_type": 66, "codename": "add_bootstrap4listgroup"}}, {"model": "auth.permission", "pk": 258, "fields": {"name": "Can change bootstrap4 list group", "content_type": 66, "codename": "change_bootstrap4listgroup"}}, {"model": "auth.permission", "pk": 259, "fields": {"name": "Can delete bootstrap4 list group", "content_type": 66, "codename": "delete_bootstrap4listgroup"}}, {"model": "auth.permission", "pk": 260, "fields": {"name": "Can view bootstrap4 list group", "content_type": 66, "codename": "view_bootstrap4listgroup"}}, {"model": "auth.permission", "pk": 261, "fields": {"name": "Can add bootstrap4 list group item", "content_type": 67, "codename": "add_bootstrap4listgroupitem"}}, {"model": "auth.permission", "pk": 262, "fields": {"name": "Can change bootstrap4 list group item", "content_type": 67, "codename": "change_bootstrap4listgroupitem"}}, {"model": "auth.permission", "pk": 263, "fields": {"name": "Can delete bootstrap4 list group item", "content_type": 67, "codename": "delete_bootstrap4listgroupitem"}}, {"model": "auth.permission", "pk": 264, "fields": {"name": "Can view bootstrap4 list group item", "content_type": 67, "codename": "view_bootstrap4listgroupitem"}}, {"model": "auth.permission", "pk": 265, "fields": {"name": "Can add bootstrap4 media", "content_type": 68, "codename": "add_bootstrap4media"}}, {"model": "auth.permission", "pk": 266, "fields": {"name": "Can change bootstrap4 media", "content_type": 68, "codename": "change_bootstrap4media"}}, {"model": "auth.permission", "pk": 267, "fields": {"name": "Can delete bootstrap4 media", "content_type": 68, "codename": "delete_bootstrap4media"}}, {"model": "auth.permission", "pk": 268, "fields": {"name": "Can view bootstrap4 media", "content_type": 68, "codename": "view_bootstrap4media"}}, {"model": "auth.permission", "pk": 269, "fields": {"name": "Can add bootstrap4 media body", "content_type": 69, "codename": "add_bootstrap4mediabody"}}, {"model": "auth.permission", "pk": 270, "fields": {"name": "Can change bootstrap4 media body", "content_type": 69, "codename": "change_bootstrap4mediabody"}}, {"model": "auth.permission", "pk": 271, "fields": {"name": "Can delete bootstrap4 media body", "content_type": 69, "codename": "delete_bootstrap4mediabody"}}, {"model": "auth.permission", "pk": 272, "fields": {"name": "Can view bootstrap4 media body", "content_type": 69, "codename": "view_bootstrap4mediabody"}}, {"model": "auth.permission", "pk": 273, "fields": {"name": "Can add bootstrap4 picture", "content_type": 70, "codename": "add_bootstrap4picture"}}, {"model": "auth.permission", "pk": 274, "fields": {"name": "Can change bootstrap4 picture", "content_type": 70, "codename": "change_bootstrap4picture"}}, {"model": "auth.permission", "pk": 275, "fields": {"name": "Can delete bootstrap4 picture", "content_type": 70, "codename": "delete_bootstrap4picture"}}, {"model": "auth.permission", "pk": 276, "fields": {"name": "Can view bootstrap4 picture", "content_type": 70, "codename": "view_bootstrap4picture"}}, {"model": "auth.permission", "pk": 277, "fields": {"name": "Can add bootstrap4 tab", "content_type": 71, "codename": "add_bootstrap4tab"}}, {"model": "auth.permission", "pk": 278, "fields": {"name": "Can change bootstrap4 tab", "content_type": 71, "codename": "change_bootstrap4tab"}}, {"model": "auth.permission", "pk": 279, "fields": {"name": "Can delete bootstrap4 tab", "content_type": 71, "codename": "delete_bootstrap4tab"}}, {"model": "auth.permission", "pk": 280, "fields": {"name": "Can view bootstrap4 tab", "content_type": 71, "codename": "view_bootstrap4tab"}}, {"model": "auth.permission", "pk": 281, "fields": {"name": "Can add bootstrap4 tab item", "content_type": 72, "codename": "add_bootstrap4tabitem"}}, {"model": "auth.permission", "pk": 282, "fields": {"name": "Can change bootstrap4 tab item", "content_type": 72, "codename": "change_bootstrap4tabitem"}}, {"model": "auth.permission", "pk": 283, "fields": {"name": "Can delete bootstrap4 tab item", "content_type": 72, "codename": "delete_bootstrap4tabitem"}}, {"model": "auth.permission", "pk": 284, "fields": {"name": "Can view bootstrap4 tab item", "content_type": 72, "codename": "view_bootstrap4tabitem"}}, {"model": "auth.permission", "pk": 285, "fields": {"name": "Can add bootstrap4 spacing", "content_type": 73, "codename": "add_bootstrap4spacing"}}, {"model": "auth.permission", "pk": 286, "fields": {"name": "Can change bootstrap4 spacing", "content_type": 73, "codename": "change_bootstrap4spacing"}}, {"model": "auth.permission", "pk": 287, "fields": {"name": "Can delete bootstrap4 spacing", "content_type": 73, "codename": "delete_bootstrap4spacing"}}, {"model": "auth.permission", "pk": 288, "fields": {"name": "Can view bootstrap4 spacing", "content_type": 73, "codename": "view_bootstrap4spacing"}}, {"model": "auth.user", "pk": 1, "fields": {"password": "pbkdf2_sha256$150000$vEQwN4HexcBp$xD/6ZQW7+DS13/MQ1xuEpXtyEdy0T2q3me94mKphbY0=", "last_login": "2021-12-06T13:59:07.892Z", "is_superuser": true, "username": "abdallah", "first_name": "", "last_name": "", "email": "abdallah.nasir@ymail.com", "is_staff": true, "is_active": true, "date_joined": "2021-12-04T23:25:47.471Z", "groups": [], "user_permissions": []}}, {"model": "cms.usersettings", "pk": 1, "fields": {"user": 1, "language": "en", "clipboard": 1}}, {"model": "filer.folder", "pk": 1, "fields": {"level": 0, "lft": 1, "rght": 2, "parent": null, "name": "carousel", "owner": 1, "uploaded_at": "2021-12-05T11:19:44.505Z", "created_at": "2021-12-05T11:19:44.505Z", "modified_at": "2021-12-05T11:19:44.505Z", "tree_id": 1}}, {"model": "filer.file", "pk": 3, "fields": {"polymorphic_ctype": 29, "folder": null, "file": "filer_public/df/f3/dff3d93d-41d1-40a7-b054-1a9c5f98deae/5.png", "_file_size": 104680, "sha1": "b5768bb6a564265e35e14331fd4b48058aed531b", "has_all_mandatory_data": false, "original_filename": "5.png", "name": "", "description": null, "owner": 1, "uploaded_at": "2021-12-05T10:55:34.683Z", "modified_at": "2021-12-05T10:55:34.683Z", "is_public": true, "mime_type": "image/png"}}, {"model": "filer.file", "pk": 4, "fields": {"polymorphic_ctype": 29, "folder": 1, "file": "filer_public/f1/79/f1796770-7c6f-45f2-b454-a4e98404a165/swyft-kwd-bnk-bwbyn-swift-code-lkwyt.jpg", "_file_size": 32334, "sha1": "b95dda5255c6d73801f58c168856afed2f649d8d", "has_all_mandatory_data": false, "original_filename": "\u0633\u0648\u064a\u0641\u062a-\u0643\u0648\u062f-\u0628\u0646\u0643-\u0628\u0648\u0628\u064a\u0627\u0646-swift-code-\u0627\u0644\u0643\u0648\u064a\u062a.jpg", "name": "", "description": null, "owner": 1, "uploaded_at": "2021-12-05T11:22:50.840Z", "modified_at": "2021-12-05T11:22:50.840Z", "is_public": true, "mime_type": "image/jpeg"}}, {"model": "filer.file", "pk": 5, "fields": {"polymorphic_ctype": 29, "folder": 1, "file": "filer_public/8e/4d/8e4d4048-acd0-45b2-ad05-21bda19c3e49/640.jpg", "_file_size": 15511, "sha1": "a1916933417ad9b1f4c032111de20b6d26b1095a", "has_all_mandatory_data": false, "original_filename": "640.jpg", "name": "", "description": null, "owner": 1, "uploaded_at": "2021-12-05T11:25:18.636Z", "modified_at": "2021-12-05T11:25:18.636Z", "is_public": true, "mime_type": "image/jpeg"}}, {"model": "filer.file", "pk": 6, "fields": {"polymorphic_ctype": 29, "folder": 1, "file": "filer_public/c2/83/c2830fdc-e30e-4746-9ef1-b44a3f4e91b9/boubyan-bank.jpg", "_file_size": 119684, "sha1": "26a08b11629b6f4d306a2066c679b60b630d288a", "has_all_mandatory_data": false, "original_filename": "Boubyan-Bank.jpg", "name": "", "description": null, "owner": 1, "uploaded_at": "2021-12-05T11:30:18.736Z", "modified_at": "2021-12-05T11:30:18.737Z", "is_public": true, "mime_type": "image/jpeg"}}, {"model": "filer.file", "pk": 7, "fields": {"polymorphic_ctype": 29, "folder": 1, "file": "filer_public/17/6d/176dce25-a5af-4946-83ee-594791ceaa65/onboarding_large_banners_570x512.png", "_file_size": 359488, "sha1": "f16c47b6bce6a99755692d386ab3158e8c1f3283", "has_all_mandatory_data": false, "original_filename": "onboarding_large_banners_570x512.png", "name": "", "description": null, "owner": 1, "uploaded_at": "2021-12-05T13:02:32.609Z", "modified_at": "2021-12-05T13:02:32.609Z", "is_public": true, "mime_type": "image/png"}}, {"model": "filer.file", "pk": 8, "fields": {"polymorphic_ctype": 29, "folder": 1, "file": "filer_public/5c/76/5c76b28b-88c0-426f-888e-779a2f210921/mega_banner_-_570_x_512.jpg", "_file_size": 55434, "sha1": "3bbf810e8af148bd108f645473c37001db72cf63", "has_all_mandatory_data": false, "original_filename": "mega_banner_-_570_x_512.jpg", "name": "", "description": null, "owner": 1, "uploaded_at": "2021-12-05T13:53:51.240Z", "modified_at": "2021-12-05T13:53:51.240Z", "is_public": true, "mime_type": "image/jpeg"}}, {"model": "filer.file", "pk": 9, "fields": {"polymorphic_ctype": 29, "folder": 1, "file": "filer_public/82/da/82da31a8-902d-46f0-b6b6-4ea45c400fb1/large_banners_570x512_option_3.png", "_file_size": 289823, "sha1": "264264ab8f236ad8fc65e591580702580365c10a", "has_all_mandatory_data": false, "original_filename": "large_banners_570x512_option_3.png", "name": "", "description": null, "owner": 1, "uploaded_at": "2021-12-05T20:22:46.838Z", "modified_at": "2021-12-05T20:22:46.838Z", "is_public": true, "mime_type": "image/png"}}, {"model": "filer.file", "pk": 10, "fields": {"polymorphic_ctype": 29, "folder": 1, "file": "filer_public/b1/b7/b1b79e6d-6ba8-4e3c-ac72-321847dd5b4b/boubyan_cards_hjpg__1440x480_q85_subsampling-2.jpg", "_file_size": 77410, "sha1": "c243c430856c801587120b6293333845af2abdff", "has_all_mandatory_data": false, "original_filename": "boubyan_cards_h.jpg__1440x480_q85_subsampling-2.jpg", "name": "", "description": null, "owner": 1, "uploaded_at": "2021-12-05T21:38:51.294Z", "modified_at": "2021-12-05T21:38:51.294Z", "is_public": true, "mime_type": "image/jpeg"}}, {"model": "filer.file", "pk": 11, "fields": {"polymorphic_ctype": 29, "folder": 1, "file": "filer_public/92/f5/92f51447-6f64-48ad-8c6a-4c29071c87d9/boubyan.png", "_file_size": 42982, "sha1": "272131e4a93bdde4d5f35b35e25f6365c3e76582", "has_all_mandatory_data": false, "original_filename": "boubyan.PNG", "name": "", "description": null, "owner": 1, "uploaded_at": "2021-12-05T23:09:15.664Z", "modified_at": "2021-12-05T23:09:15.664Z", "is_public": true, "mime_type": "image/png"}}, {"model": "filer.file", "pk": 12, "fields": {"polymorphic_ctype": 29, "folder": 1, "file": "filer_public/34/54/34548dac-ee4d-404d-b58e-1859c27be541/b_personal_boubyan_branches_hjpg__1440x480_q85_subsampling-2.jpg", "_file_size": 162350, "sha1": "7f988e68244b531ab984e3f6fc4dcae1e04edbde", "has_all_mandatory_data": false, "original_filename": "b_personal_boubyan_branches_h.jpg__1440x480_q85_subsampling-2.jpg", "name": "", "description": null, "owner": 1, "uploaded_at": "2021-12-05T23:34:44.167Z", "modified_at": "2021-12-05T23:34:44.167Z", "is_public": true, "mime_type": "image/jpeg"}}, {"model": "filer.file", "pk": 13, "fields": {"polymorphic_ctype": 29, "folder": null, "file": "filer_public/19/c8/19c81e2e-56d6-423e-afd6-9f6310be0d79/boubyan_mastercardworld_t.jpg", "_file_size": 130625, "sha1": "c1af50544695bf0485b32aa56b57b4ac6a04157f", "has_all_mandatory_data": false, "original_filename": "boubyan_mastercardworld_t.jpg", "name": "", "description": null, "owner": 1, "uploaded_at": "2021-12-06T11:21:08.413Z", "modified_at": "2021-12-06T11:21:08.413Z", "is_public": true, "mime_type": "image/jpeg"}}, {"model": "filer.file", "pk": 14, "fields": {"polymorphic_ctype": 29, "folder": null, "file": "filer_public/9c/53/9c530abc-399d-4349-aa84-fcb9ee5196d3/special_edition_card_-_boubyan_15th_year_anniversary_202008_26_platinum_b_web_size_3.jpg", "_file_size": 81037, "sha1": "2921ddb097956ee5471d82086154d43a0bd54c1f", "has_all_mandatory_data": false, "original_filename": "special_edition_card_-_boubyan_15th_year_anniversary_202008_26_platinum_b_web_size_3.jpg", "name": "", "description": null, "owner": 1, "uploaded_at": "2021-12-06T11:21:41.868Z", "modified_at": "2021-12-06T11:21:41.868Z", "is_public": true, "mime_type": "image/jpeg"}}, {"model": "filer.clipboard", "pk": 1, "fields": {"user": 1}}, {"model": "filer.image", "pk": 3, "fields": {"_height": 768.0, "_width": 1366.0, "default_alt_text": null, "default_caption": null, "subject_location": "", "date_taken": "2021-12-05T10:55:34.574Z", "author": null, "must_always_publish_author_credit": false, "must_always_publish_copyright": false}}, {"model": "filer.image", "pk": 4, "fields": {"_height": 500.0, "_width": 1050.0, "default_alt_text": null, "default_caption": null, "subject_location": "", "date_taken": "2021-12-05T11:22:50.620Z", "author": null, "must_always_publish_author_credit": false, "must_always_publish_copyright": false}}, {"model": "filer.image", "pk": 5, "fields": {"_height": 450.0, "_width": 640.0, "default_alt_text": null, "default_caption": null, "subject_location": "", "date_taken": "2021-12-05T11:25:18.504Z", "author": null, "must_always_publish_author_credit": false, "must_always_publish_copyright": false}}, {"model": "filer.image", "pk": 6, "fields": {"_height": 420.0, "_width": 750.0, "default_alt_text": null, "default_caption": null, "subject_location": "", "date_taken": "2021-12-05T11:30:18.630Z", "author": null, "must_always_publish_author_credit": false, "must_always_publish_copyright": false}}, {"model": "filer.image", "pk": 7, "fields": {"_height": 512.0, "_width": 570.0, "default_alt_text": null, "default_caption": null, "subject_location": "", "date_taken": "2021-12-05T13:02:32.524Z", "author": null, "must_always_publish_author_credit": false, "must_always_publish_copyright": false}}, {"model": "filer.image", "pk": 8, "fields": {"_height": 512.0, "_width": 570.0, "default_alt_text": null, "default_caption": null, "subject_location": "", "date_taken": "2021-12-05T13:53:51.111Z", "author": null, "must_always_publish_author_credit": false, "must_always_publish_copyright": false}}, {"model": "filer.image", "pk": 9, "fields": {"_height": 512.0, "_width": 570.0, "default_alt_text": null, "default_caption": null, "subject_location": "", "date_taken": "2021-12-05T20:22:46.747Z", "author": null, "must_always_publish_author_credit": false, "must_always_publish_copyright": false}}, {"model": "filer.image", "pk": 10, "fields": {"_height": 480.0, "_width": 1440.0, "default_alt_text": null, "default_caption": null, "subject_location": "", "date_taken": "2021-12-05T21:38:51.270Z", "author": null, "must_always_publish_author_credit": false, "must_always_publish_copyright": false}}, {"model": "filer.image", "pk": 11, "fields": {"_height": 381.0, "_width": 765.0, "default_alt_text": null, "default_caption": null, "subject_location": "", "date_taken": "2021-12-05T23:09:15.576Z", "author": null, "must_always_publish_author_credit": false, "must_always_publish_copyright": false}}, {"model": "filer.image", "pk": 12, "fields": {"_height": 480.0, "_width": 1440.0, "default_alt_text": null, "default_caption": null, "subject_location": "", "date_taken": "2021-12-05T23:34:44.151Z", "author": null, "must_always_publish_author_credit": false, "must_always_publish_copyright": false}}, {"model": "filer.image", "pk": 13, "fields": {"_height": 420.0, "_width": 624.0, "default_alt_text": null, "default_caption": null, "subject_location": "", "date_taken": "2021-12-06T11:21:08.362Z", "author": null, "must_always_publish_author_credit": false, "must_always_publish_copyright": false}}, {"model": "filer.image", "pk": 14, "fields": {"_height": 420.0, "_width": 624.0, "default_alt_text": null, "default_caption": null, "subject_location": "", "date_taken": "2021-12-06T11:21:41.806Z", "author": null, "must_always_publish_author_credit": false, "must_always_publish_copyright": false}}, {"model": "admin.logentry", "pk": 1, "fields": {"action_time": "2021-12-05T10:45:04.882Z", "user": 1, "content_type": 34, "object_id": "15", "object_repr": "card group 1", "action_flag": 3, "change_message": ""}}, {"model": "admin.logentry", "pk": 2, "fields": {"action_time": "2021-12-05T10:47:27.731Z", "user": 1, "content_type": 34, "object_id": "17", "object_repr": "card 1", "action_flag": 3, "change_message": ""}}, {"model": "admin.logentry", "pk": 3, "fields": {"action_time": "2021-12-05T10:47:45.690Z", "user": 1, "content_type": 52, "object_id": "18", "object_repr": "18", "action_flag": 3, "change_message": ""}}, {"model": "admin.logentry", "pk": 4, "fields": {"action_time": "2021-12-05T10:49:24.486Z", "user": 1, "content_type": 26, "object_id": "1", "object_repr": "digital-marketing-courses.webp", "action_flag": 3, "change_message": ""}}, {"model": "admin.logentry", "pk": 5, "fields": {"action_time": "2021-12-05T10:55:24.017Z", "user": 1, "content_type": 29, "object_id": "2", "object_repr": "\u0662\u0660\u0662\u0660\u0660\u0667\u0661\u0662_\u0661\u0668\u0665\u0660\u0662\u0664.jpg", "action_flag": 3, "change_message": ""}}, {"model": "admin.logentry", "pk": 6, "fields": {"action_time": "2021-12-05T11:00:25.421Z", "user": 1, "content_type": 61, "object_id": "13", "object_repr": "13", "action_flag": 3, "change_message": ""}}, {"model": "admin.logentry", "pk": 7, "fields": {"action_time": "2021-12-05T11:00:36.010Z", "user": 1, "content_type": 61, "object_id": "12", "object_repr": "12", "action_flag": 3, "change_message": ""}}, {"model": "admin.logentry", "pk": 8, "fields": {"action_time": "2021-12-05T11:02:02.898Z", "user": 1, "content_type": 11, "object_id": "38", "object_repr": "(Card) 14", "action_flag": 3, "change_message": ""}}, {"model": "admin.logentry", "pk": 9, "fields": {"action_time": "2021-12-05T11:02:30.095Z", "user": 1, "content_type": 51, "object_id": "45", "object_repr": "45", "action_flag": 3, "change_message": ""}}, {"model": "admin.logentry", "pk": 10, "fields": {"action_time": "2021-12-05T11:08:02.756Z", "user": 1, "content_type": 34, "object_id": "1", "object_repr": "home content", "action_flag": 3, "change_message": ""}}, {"model": "admin.logentry", "pk": 11, "fields": {"action_time": "2021-12-05T11:15:49.289Z", "user": 1, "content_type": 34, "object_id": "76", "object_repr": "Home", "action_flag": 3, "change_message": ""}}, {"model": "admin.logentry", "pk": 12, "fields": {"action_time": "2021-12-05T11:16:42.254Z", "user": 1, "content_type": 1, "object_id": "2", "object_repr": "navbar", "action_flag": 3, "change_message": ""}}, {"model": "admin.logentry", "pk": 13, "fields": {"action_time": "2021-12-05T12:04:00.623Z", "user": 1, "content_type": 21, "object_id": "4", "object_repr": "test", "action_flag": 1, "change_message": "[{\"added\": {}}]"}}, {"model": "admin.logentry", "pk": 14, "fields": {"action_time": "2021-12-05T12:04:53.944Z", "user": 1, "content_type": 21, "object_id": "4", "object_repr": "test", "action_flag": 3, "change_message": ""}}, {"model": "admin.logentry", "pk": 15, "fields": {"action_time": "2021-12-05T12:06:29.914Z", "user": 1, "content_type": 55, "object_id": "88", "object_repr": "88", "action_flag": 3, "change_message": ""}}, {"model": "admin.logentry", "pk": 16, "fields": {"action_time": "2021-12-05T12:27:14.465Z", "user": 1, "content_type": 21, "object_id": "5", "object_repr": "home", "action_flag": 1, "change_message": "[{\"added\": {}}]"}}, {"model": "admin.logentry", "pk": 17, "fields": {"action_time": "2021-12-05T12:28:09.848Z", "user": 1, "content_type": 21, "object_id": "6", "object_repr": "service", "action_flag": 1, "change_message": "[{\"added\": {}}]"}}, {"model": "admin.logentry", "pk": 18, "fields": {"action_time": "2021-12-05T12:32:00.541Z", "user": 1, "content_type": 55, "object_id": "91", "object_repr": "91", "action_flag": 3, "change_message": ""}}, {"model": "admin.logentry", "pk": 19, "fields": {"action_time": "2021-12-05T12:37:15.184Z", "user": 1, "content_type": 47, "object_id": "85", "object_repr": "navbar", "action_flag": 3, "change_message": ""}}, {"model": "admin.logentry", "pk": 20, "fields": {"action_time": "2021-12-05T12:45:43.105Z", "user": 1, "content_type": 2, "object_id": "7", "object_repr": "home 2", "action_flag": 1, "change_message": "[{\"added\": {}}]"}}, {"model": "admin.logentry", "pk": 21, "fields": {"action_time": "2021-12-05T12:47:40.911Z", "user": 1, "content_type": 2, "object_id": "7", "object_repr": "home 2", "action_flag": 2, "change_message": "[{\"changed\": {\"fields\": [\"xframe_options\"]}}]"}}, {"model": "admin.logentry", "pk": 22, "fields": {"action_time": "2021-12-05T12:48:48.458Z", "user": 1, "content_type": 2, "object_id": "7", "object_repr": "service", "action_flag": 2, "change_message": "[{\"changed\": {\"fields\": [\"title\", \"slug\"]}}]"}}, {"model": "admin.logentry", "pk": 23, "fields": {"action_time": "2021-12-05T12:54:58.712Z", "user": 1, "content_type": 2, "object_id": "7", "object_repr": "service", "action_flag": 3, "change_message": ""}}, {"model": "admin.logentry", "pk": 24, "fields": {"action_time": "2021-12-05T13:42:24.975Z", "user": 1, "content_type": 64, "object_id": "99", "object_repr": "99", "action_flag": 3, "change_message": ""}}, {"model": "admin.logentry", "pk": 25, "fields": {"action_time": "2021-12-05T14:19:28.970Z", "user": 1, "content_type": 61, "object_id": "118", "object_repr": "118", "action_flag": 3, "change_message": ""}}, {"model": "admin.logentry", "pk": 26, "fields": {"action_time": "2021-12-05T14:28:19.586Z", "user": 1, "content_type": 2, "object_id": "1", "object_repr": "home", "action_flag": 2, "change_message": "[{\"changed\": {\"fields\": [\"redirect\", \"xframe_options\"]}}]"}}, {"model": "admin.logentry", "pk": 27, "fields": {"action_time": "2021-12-05T14:31:09.845Z", "user": 1, "content_type": 2, "object_id": "1", "object_repr": "home", "action_flag": 2, "change_message": "[{\"changed\": {\"fields\": [\"xframe_options\"]}}]"}}, {"model": "admin.logentry", "pk": 28, "fields": {"action_time": "2021-12-05T14:31:43.850Z", "user": 1, "content_type": 2, "object_id": "1", "object_repr": "home", "action_flag": 2, "change_message": "[{\"changed\": {\"fields\": [\"template\", \"xframe_options\"]}}]"}}, {"model": "admin.logentry", "pk": 29, "fields": {"action_time": "2021-12-05T14:32:27.009Z", "user": 1, "content_type": 2, "object_id": "1", "object_repr": "home", "action_flag": 2, "change_message": "[{\"changed\": {\"fields\": [\"redirect\", \"xframe_options\"]}}]"}}, {"model": "admin.logentry", "pk": 30, "fields": {"action_time": "2021-12-05T14:35:43.308Z", "user": 1, "content_type": 2, "object_id": "8", "object_repr": "service", "action_flag": 2, "change_message": "[{\"changed\": {\"fields\": [\"redirect\", \"template\", \"xframe_options\"]}}]"}}, {"model": "admin.logentry", "pk": 31, "fields": {"action_time": "2021-12-05T14:36:40.603Z", "user": 1, "content_type": 2, "object_id": "8", "object_repr": "service", "action_flag": 2, "change_message": "[{\"changed\": {\"fields\": [\"slug\"]}}]"}}, {"model": "admin.logentry", "pk": 32, "fields": {"action_time": "2021-12-05T14:37:09.585Z", "user": 1, "content_type": 2, "object_id": "8", "object_repr": "service", "action_flag": 2, "change_message": "[{\"changed\": {\"fields\": [\"redirect\", \"xframe_options\"]}}]"}}, {"model": "admin.logentry", "pk": 33, "fields": {"action_time": "2021-12-05T14:41:16.477Z", "user": 1, "content_type": 2, "object_id": "8", "object_repr": "service", "action_flag": 2, "change_message": "[{\"changed\": {\"fields\": [\"redirect\", \"xframe_options\"]}}]"}}, {"model": "admin.logentry", "pk": 34, "fields": {"action_time": "2021-12-05T14:43:08.411Z", "user": 1, "content_type": 2, "object_id": "8", "object_repr": "service", "action_flag": 2, "change_message": "[{\"changed\": {\"fields\": [\"redirect\", \"xframe_options\"]}}]"}}, {"model": "admin.logentry", "pk": 35, "fields": {"action_time": "2021-12-05T14:43:59.514Z", "user": 1, "content_type": 21, "object_id": "6", "object_repr": "service", "action_flag": 3, "change_message": ""}}, {"model": "admin.logentry", "pk": 36, "fields": {"action_time": "2021-12-05T14:44:49.138Z", "user": 1, "content_type": 21, "object_id": "9", "object_repr": "service", "action_flag": 1, "change_message": "[{\"added\": {}}]"}}, {"model": "admin.logentry", "pk": 37, "fields": {"action_time": "2021-12-05T14:45:16.352Z", "user": 1, "content_type": 21, "object_id": "9", "object_repr": "service", "action_flag": 2, "change_message": "[{\"changed\": {\"fields\": [\"redirect\", \"template\", \"xframe_options\"]}}]"}}, {"model": "admin.logentry", "pk": 38, "fields": {"action_time": "2021-12-05T14:50:45.107Z", "user": 1, "content_type": 2, "object_id": "8", "object_repr": "service", "action_flag": 2, "change_message": "[{\"changed\": {\"fields\": [\"redirect\", \"xframe_options\"]}}]"}}, {"model": "admin.logentry", "pk": 39, "fields": {"action_time": "2021-12-05T14:52:11.083Z", "user": 1, "content_type": 2, "object_id": "8", "object_repr": "service", "action_flag": 2, "change_message": "[{\"changed\": {\"fields\": [\"redirect\", \"xframe_options\"]}}]"}}, {"model": "admin.logentry", "pk": 40, "fields": {"action_time": "2021-12-05T14:53:22.084Z", "user": 1, "content_type": 2, "object_id": "8", "object_repr": "service", "action_flag": 2, "change_message": "[{\"changed\": {\"fields\": [\"redirect\", \"xframe_options\"]}}]"}}, {"model": "admin.logentry", "pk": 41, "fields": {"action_time": "2021-12-05T14:53:50.944Z", "user": 1, "content_type": 2, "object_id": "8", "object_repr": "service", "action_flag": 2, "change_message": "[{\"changed\": {\"fields\": [\"redirect\", \"xframe_options\"]}}]"}}, {"model": "admin.logentry", "pk": 42, "fields": {"action_time": "2021-12-05T15:00:20.926Z", "user": 1, "content_type": 2, "object_id": "1", "object_repr": "home", "action_flag": 2, "change_message": "[{\"changed\": {\"fields\": [\"redirect\", \"xframe_options\"]}}]"}}, {"model": "admin.logentry", "pk": 43, "fields": {"action_time": "2021-12-05T15:02:05.634Z", "user": 1, "content_type": 2, "object_id": "1", "object_repr": "home", "action_flag": 2, "change_message": "[{\"changed\": {\"fields\": [\"redirect\", \"xframe_options\"]}}]"}}, {"model": "admin.logentry", "pk": 44, "fields": {"action_time": "2021-12-05T15:26:29.888Z", "user": 1, "content_type": 2, "object_id": "8", "object_repr": "service", "action_flag": 2, "change_message": "[{\"changed\": {\"fields\": [\"xframe_options\"]}}]"}}, {"model": "admin.logentry", "pk": 45, "fields": {"action_time": "2021-12-05T15:35:18.875Z", "user": 1, "content_type": 2, "object_id": "8", "object_repr": "service", "action_flag": 2, "change_message": "[{\"changed\": {\"fields\": [\"xframe_options\"]}}]"}}, {"model": "admin.logentry", "pk": 46, "fields": {"action_time": "2021-12-05T15:39:44.091Z", "user": 1, "content_type": 2, "object_id": "8", "object_repr": "service", "action_flag": 2, "change_message": "[{\"changed\": {\"fields\": [\"page_title\", \"meta_description\"]}}]"}}, {"model": "admin.logentry", "pk": 47, "fields": {"action_time": "2021-12-05T15:39:58.195Z", "user": 1, "content_type": 2, "object_id": "8", "object_repr": "service", "action_flag": 2, "change_message": "[{\"changed\": {\"fields\": [\"xframe_options\"]}}]"}}, {"model": "admin.logentry", "pk": 48, "fields": {"action_time": "2021-12-05T15:47:53.677Z", "user": 1, "content_type": 2, "object_id": "8", "object_repr": "service", "action_flag": 3, "change_message": ""}}, {"model": "admin.logentry", "pk": 49, "fields": {"action_time": "2021-12-05T15:48:17.812Z", "user": 1, "content_type": 2, "object_id": "10", "object_repr": "service", "action_flag": 1, "change_message": "[{\"added\": {}}]"}}, {"model": "admin.logentry", "pk": 50, "fields": {"action_time": "2021-12-05T15:48:42.573Z", "user": 1, "content_type": 2, "object_id": "10", "object_repr": "service", "action_flag": 2, "change_message": "[{\"changed\": {\"fields\": [\"template\", \"xframe_options\"]}}]"}}, {"model": "admin.logentry", "pk": 51, "fields": {"action_time": "2021-12-05T15:49:10.407Z", "user": 1, "content_type": 2, "object_id": "10", "object_repr": "service", "action_flag": 2, "change_message": ""}}, {"model": "admin.logentry", "pk": 52, "fields": {"action_time": "2021-12-05T16:19:41.644Z", "user": 1, "content_type": 2, "object_id": "10", "object_repr": "service", "action_flag": 2, "change_message": ""}}, {"model": "admin.logentry", "pk": 53, "fields": {"action_time": "2021-12-05T16:20:04.061Z", "user": 1, "content_type": 2, "object_id": "10", "object_repr": "service", "action_flag": 2, "change_message": "The English page \"service\" was successfully unpublished"}}, {"model": "admin.logentry", "pk": 54, "fields": {"action_time": "2021-12-05T16:20:14.769Z", "user": 1, "content_type": 2, "object_id": "10", "object_repr": "service", "action_flag": 2, "change_message": ""}}, {"model": "admin.logentry", "pk": 55, "fields": {"action_time": "2021-12-05T16:37:10.208Z", "user": 1, "content_type": 2, "object_id": "10", "object_repr": "service", "action_flag": 2, "change_message": "[{\"changed\": {\"fields\": [\"overwrite_url\", \"xframe_options\"]}}]"}}, {"model": "admin.logentry", "pk": 56, "fields": {"action_time": "2021-12-05T16:37:43.340Z", "user": 1, "content_type": 2, "object_id": "10", "object_repr": "service", "action_flag": 2, "change_message": "[{\"changed\": {\"fields\": [\"overwrite_url\", \"redirect\", \"xframe_options\"]}}]"}}, {"model": "admin.logentry", "pk": 57, "fields": {"action_time": "2021-12-05T16:39:03.104Z", "user": 1, "content_type": 2, "object_id": "10", "object_repr": "service", "action_flag": 2, "change_message": "[{\"changed\": {\"fields\": [\"redirect\", \"template\", \"xframe_options\"]}}]"}}, {"model": "admin.logentry", "pk": 58, "fields": {"action_time": "2021-12-05T16:41:28.557Z", "user": 1, "content_type": 2, "object_id": "10", "object_repr": "service", "action_flag": 2, "change_message": "[{\"changed\": {\"fields\": [\"template\", \"soft_root\", \"xframe_options\"]}}]"}}, {"model": "admin.logentry", "pk": 59, "fields": {"action_time": "2021-12-05T17:02:14.655Z", "user": 1, "content_type": 2, "object_id": "10", "object_repr": "service", "action_flag": 2, "change_message": ""}}, {"model": "admin.logentry", "pk": 60, "fields": {"action_time": "2021-12-05T17:02:46.061Z", "user": 1, "content_type": 2, "object_id": "12", "object_repr": "home 2", "action_flag": 3, "change_message": ""}}, {"model": "admin.logentry", "pk": 61, "fields": {"action_time": "2021-12-05T17:02:56.558Z", "user": 1, "content_type": 2, "object_id": "10", "object_repr": "service", "action_flag": 2, "change_message": "[{\"changed\": {\"fields\": [\"soft_root\", \"xframe_options\"]}}]"}}, {"model": "admin.logentry", "pk": 62, "fields": {"action_time": "2021-12-05T17:04:19.588Z", "user": 1, "content_type": 2, "object_id": "10", "object_repr": "service", "action_flag": 2, "change_message": "[{\"changed\": {\"fields\": [\"xframe_options\"]}}]"}}, {"model": "admin.logentry", "pk": 63, "fields": {"action_time": "2021-12-05T17:06:29.914Z", "user": 1, "content_type": 2, "object_id": "10", "object_repr": "service", "action_flag": 2, "change_message": ""}}, {"model": "admin.logentry", "pk": 64, "fields": {"action_time": "2021-12-05T17:09:55.076Z", "user": 1, "content_type": 2, "object_id": "10", "object_repr": "service", "action_flag": 2, "change_message": "The English page \"service\" was successfully unpublished"}}, {"model": "admin.logentry", "pk": 65, "fields": {"action_time": "2021-12-05T17:10:10.045Z", "user": 1, "content_type": 2, "object_id": "10", "object_repr": "service", "action_flag": 2, "change_message": ""}}, {"model": "admin.logentry", "pk": 66, "fields": {"action_time": "2021-12-05T21:11:36.416Z", "user": 1, "content_type": 45, "object_id": "1", "object_repr": "Footer", "action_flag": 1, "change_message": "[{\"added\": {}}]"}}, {"model": "admin.logentry", "pk": 67, "fields": {"action_time": "2021-12-05T21:22:25.517Z", "user": 1, "content_type": 45, "object_id": "1", "object_repr": "Footer", "action_flag": 2, "change_message": "[]"}}, {"model": "admin.logentry", "pk": 68, "fields": {"action_time": "2021-12-05T22:16:45.385Z", "user": 1, "content_type": 47, "object_id": "176", "object_repr": "navbar", "action_flag": 3, "change_message": ""}}, {"model": "admin.logentry", "pk": 69, "fields": {"action_time": "2021-12-05T22:23:15.027Z", "user": 1, "content_type": 61, "object_id": "58", "object_repr": "58", "action_flag": 3, "change_message": ""}}, {"model": "admin.logentry", "pk": 70, "fields": {"action_time": "2021-12-05T22:23:27.104Z", "user": 1, "content_type": 61, "object_id": "65", "object_repr": "65", "action_flag": 3, "change_message": ""}}, {"model": "admin.logentry", "pk": 71, "fields": {"action_time": "2021-12-05T22:33:19.193Z", "user": 1, "content_type": 47, "object_id": "200", "object_repr": "card space", "action_flag": 3, "change_message": ""}}, {"model": "admin.logentry", "pk": 72, "fields": {"action_time": "2021-12-05T22:33:58.587Z", "user": 1, "content_type": 61, "object_id": "186", "object_repr": "186", "action_flag": 3, "change_message": ""}}, {"model": "admin.logentry", "pk": 73, "fields": {"action_time": "2021-12-05T22:34:09.292Z", "user": 1, "content_type": 61, "object_id": "193", "object_repr": "193", "action_flag": 3, "change_message": ""}}, {"model": "admin.logentry", "pk": 74, "fields": {"action_time": "2021-12-05T22:34:37.021Z", "user": 1, "content_type": 51, "object_id": "187", "object_repr": "187", "action_flag": 3, "change_message": ""}}, {"model": "admin.logentry", "pk": 75, "fields": {"action_time": "2021-12-05T22:37:47.553Z", "user": 1, "content_type": 51, "object_id": "207", "object_repr": "207", "action_flag": 3, "change_message": ""}}, {"model": "admin.logentry", "pk": 76, "fields": {"action_time": "2021-12-05T22:48:20.097Z", "user": 1, "content_type": 61, "object_id": "220", "object_repr": "220", "action_flag": 3, "change_message": ""}}, {"model": "admin.logentry", "pk": 77, "fields": {"action_time": "2021-12-05T22:48:29.021Z", "user": 1, "content_type": 61, "object_id": "227", "object_repr": "227", "action_flag": 3, "change_message": ""}}, {"model": "admin.logentry", "pk": 78, "fields": {"action_time": "2021-12-05T22:52:07.502Z", "user": 1, "content_type": 73, "object_id": "255", "object_repr": "255", "action_flag": 3, "change_message": ""}}, {"model": "admin.logentry", "pk": 79, "fields": {"action_time": "2021-12-05T23:12:45.662Z", "user": 1, "content_type": 64, "object_id": "263", "object_repr": "263", "action_flag": 3, "change_message": ""}}, {"model": "admin.logentry", "pk": 80, "fields": {"action_time": "2021-12-05T23:13:30.908Z", "user": 1, "content_type": 2, "object_id": "1", "object_repr": "home", "action_flag": 2, "change_message": ""}}, {"model": "admin.logentry", "pk": 81, "fields": {"action_time": "2021-12-05T23:14:00.765Z", "user": 1, "content_type": 39, "object_id": "262", "object_repr": "introduction", "action_flag": 3, "change_message": ""}}, {"model": "admin.logentry", "pk": 82, "fields": {"action_time": "2021-12-05T23:17:04.372Z", "user": 1, "content_type": 47, "object_id": "259", "object_repr": "video", "action_flag": 3, "change_message": ""}}, {"model": "admin.logentry", "pk": 83, "fields": {"action_time": "2021-12-05T23:18:01.392Z", "user": 1, "content_type": 2, "object_id": "1", "object_repr": "home", "action_flag": 2, "change_message": ""}}, {"model": "admin.logentry", "pk": 84, "fields": {"action_time": "2021-12-05T23:20:41.577Z", "user": 1, "content_type": 2, "object_id": "13", "object_repr": "Map", "action_flag": 2, "change_message": "[{\"changed\": {\"fields\": [\"menu_title\", \"page_title\"]}}]"}}, {"model": "admin.logentry", "pk": 85, "fields": {"action_time": "2021-12-05T23:21:49.891Z", "user": 1, "content_type": 2, "object_id": "13", "object_repr": "Map", "action_flag": 2, "change_message": "[{\"changed\": {\"fields\": [\"template\", \"xframe_options\"]}}]"}}, {"model": "admin.logentry", "pk": 86, "fields": {"action_time": "2021-12-05T23:21:55.962Z", "user": 1, "content_type": 2, "object_id": "13", "object_repr": "Map", "action_flag": 2, "change_message": ""}}, {"model": "admin.logentry", "pk": 87, "fields": {"action_time": "2021-12-05T23:35:30.717Z", "user": 1, "content_type": 64, "object_id": "381", "object_repr": "381", "action_flag": 3, "change_message": ""}}, {"model": "admin.logentry", "pk": 88, "fields": {"action_time": "2021-12-05T23:43:48.844Z", "user": 1, "content_type": 2, "object_id": "13", "object_repr": "Map", "action_flag": 2, "change_message": ""}}, {"model": "admin.logentry", "pk": 89, "fields": {"action_time": "2021-12-05T23:47:18.782Z", "user": 1, "content_type": 45, "object_id": "1", "object_repr": "Footer", "action_flag": 3, "change_message": ""}}, {"model": "admin.logentry", "pk": 90, "fields": {"action_time": "2021-12-05T23:54:31.542Z", "user": 1, "content_type": 2, "object_id": "1", "object_repr": "home", "action_flag": 2, "change_message": ""}}, {"model": "admin.logentry", "pk": 91, "fields": {"action_time": "2021-12-05T23:56:14.849Z", "user": 1, "content_type": 21, "object_id": "15", "object_repr": "map", "action_flag": 1, "change_message": "[{\"added\": {}}]"}}, {"model": "admin.logentry", "pk": 92, "fields": {"action_time": "2021-12-05T23:56:27.803Z", "user": 1, "content_type": 21, "object_id": "15", "object_repr": "map", "action_flag": 2, "change_message": "[]"}}, {"model": "admin.logentry", "pk": 93, "fields": {"action_time": "2021-12-05T23:56:56.861Z", "user": 1, "content_type": 21, "object_id": "15", "object_repr": "map", "action_flag": 2, "change_message": "[{\"changed\": {\"fields\": [\"template\", \"xframe_options\"]}}]"}}, {"model": "admin.logentry", "pk": 94, "fields": {"action_time": "2021-12-05T23:57:29.895Z", "user": 1, "content_type": 21, "object_id": "15", "object_repr": "map", "action_flag": 2, "change_message": "[{\"changed\": {\"fields\": [\"redirect\", \"xframe_options\"]}}]"}}, {"model": "admin.logentry", "pk": 95, "fields": {"action_time": "2021-12-05T23:59:50.805Z", "user": 1, "content_type": 21, "object_id": "5", "object_repr": "Home", "action_flag": 2, "change_message": "[{\"changed\": {\"fields\": [\"menu_title\", \"page_title\"]}}]"}}, {"model": "admin.logentry", "pk": 96, "fields": {"action_time": "2021-12-06T00:00:18.987Z", "user": 1, "content_type": 21, "object_id": "5", "object_repr": "Home", "action_flag": 2, "change_message": "[{\"changed\": {\"fields\": [\"redirect\", \"xframe_options\"]}}]"}}, {"model": "admin.logentry", "pk": 97, "fields": {"action_time": "2021-12-06T00:00:47.810Z", "user": 1, "content_type": 2, "object_id": "10", "object_repr": "service", "action_flag": 2, "change_message": ""}}, {"model": "admin.logentry", "pk": 98, "fields": {"action_time": "2021-12-06T00:05:49.598Z", "user": 1, "content_type": 21, "object_id": "9", "object_repr": "Service", "action_flag": 2, "change_message": "[{\"changed\": {\"fields\": [\"menu_title\", \"page_title\"]}}]"}}, {"model": "admin.logentry", "pk": 99, "fields": {"action_time": "2021-12-06T11:20:43.805Z", "user": 1, "content_type": 2, "object_id": "1", "object_repr": "Boubyan Bank | Most Innovative Digital Bank", "action_flag": 2, "change_message": "[{\"changed\": {\"fields\": [\"title\", \"slug\", \"menu_title\"]}}]"}}, {"model": "admin.logentry", "pk": 100, "fields": {"action_time": "2021-12-06T11:23:35.567Z", "user": 1, "content_type": 2, "object_id": "10", "object_repr": "Service | Boubyan Bank", "action_flag": 2, "change_message": "[{\"changed\": {\"fields\": [\"title\", \"slug\", \"menu_title\", \"page_title\"]}}]"}}, {"model": "admin.logentry", "pk": 101, "fields": {"action_time": "2021-12-06T11:27:51.847Z", "user": 1, "content_type": 2, "object_id": "1", "object_repr": "Boubyan Bank | Most Innovative Digital Bank", "action_flag": 2, "change_message": "[{\"changed\": {\"fields\": [\"page_title\"]}}]"}}, {"model": "admin.logentry", "pk": 102, "fields": {"action_time": "2021-12-06T11:28:02.279Z", "user": 1, "content_type": 2, "object_id": "1", "object_repr": "Home", "action_flag": 2, "change_message": ""}}, {"model": "admin.logentry", "pk": 103, "fields": {"action_time": "2021-12-06T11:29:14.293Z", "user": 1, "content_type": 2, "object_id": "10", "object_repr": "Service | Boubyan Bank", "action_flag": 2, "change_message": "[{\"changed\": {\"fields\": [\"page_title\"]}}]"}}, {"model": "admin.logentry", "pk": 104, "fields": {"action_time": "2021-12-06T11:29:20.084Z", "user": 1, "content_type": 2, "object_id": "10", "object_repr": "Service", "action_flag": 2, "change_message": ""}}, {"model": "admin.logentry", "pk": 105, "fields": {"action_time": "2021-12-06T11:30:22.820Z", "user": 1, "content_type": 2, "object_id": "13", "object_repr": "Map", "action_flag": 2, "change_message": "[]"}}, {"model": "admin.logentry", "pk": 106, "fields": {"action_time": "2021-12-06T11:30:27.476Z", "user": 1, "content_type": 2, "object_id": "13", "object_repr": "Map", "action_flag": 2, "change_message": ""}}, {"model": "admin.logentry", "pk": 107, "fields": {"action_time": "2021-12-06T11:32:27.635Z", "user": 1, "content_type": 3, "object_id": "1", "object_repr": "boubyan.bankboubyan.com/", "action_flag": 2, "change_message": "[{\"changed\": {\"fields\": [\"domain\", \"name\"]}}]"}}, {"model": "admin.logentry", "pk": 108, "fields": {"action_time": "2021-12-06T11:33:28.828Z", "user": 1, "content_type": 45, "object_id": "1", "object_repr": "footer", "action_flag": 1, "change_message": "[{\"added\": {}}]"}}, {"model": "admin.logentry", "pk": 109, "fields": {"action_time": "2021-12-06T11:35:38.086Z", "user": 1, "content_type": 45, "object_id": "1", "object_repr": "footer", "action_flag": 2, "change_message": "[{\"changed\": {\"fields\": [\"html\"]}}]"}}, {"model": "admin.logentry", "pk": 110, "fields": {"action_time": "2021-12-06T11:36:30.499Z", "user": 1, "content_type": 45, "object_id": "1", "object_repr": "navbar", "action_flag": 2, "change_message": "[{\"changed\": {\"fields\": [\"name\", \"slug\"]}}]"}}, {"model": "admin.logentry", "pk": 111, "fields": {"action_time": "2021-12-06T11:37:47.018Z", "user": 1, "content_type": 45, "object_id": "1", "object_repr": "navbar", "action_flag": 2, "change_message": "[{\"changed\": {\"fields\": [\"html\"]}}]"}}, {"model": "admin.logentry", "pk": 112, "fields": {"action_time": "2021-12-06T11:39:00.263Z", "user": 1, "content_type": 45, "object_id": "1", "object_repr": "navbar", "action_flag": 2, "change_message": "[{\"changed\": {\"fields\": [\"html\"]}}]"}}, {"model": "admin.logentry", "pk": 113, "fields": {"action_time": "2021-12-06T11:41:16.136Z", "user": 1, "content_type": 45, "object_id": "1", "object_repr": "navbar", "action_flag": 2, "change_message": "[{\"changed\": {\"fields\": [\"html\"]}}]"}}, {"model": "admin.logentry", "pk": 114, "fields": {"action_time": "2021-12-06T11:41:39.385Z", "user": 1, "content_type": 45, "object_id": "1", "object_repr": "navbar", "action_flag": 2, "change_message": "[{\"changed\": {\"fields\": [\"html\"]}}]"}}, {"model": "admin.logentry", "pk": 115, "fields": {"action_time": "2021-12-06T11:45:23.392Z", "user": 1, "content_type": 2, "object_id": "1", "object_repr": "Home", "action_flag": 2, "change_message": ""}}, {"model": "admin.logentry", "pk": 116, "fields": {"action_time": "2021-12-06T11:45:44.341Z", "user": 1, "content_type": 45, "object_id": "1", "object_repr": "navbar", "action_flag": 2, "change_message": "[{\"changed\": {\"fields\": [\"html\"]}}]"}}, {"model": "admin.logentry", "pk": 117, "fields": {"action_time": "2021-12-06T11:46:33.892Z", "user": 1, "content_type": 45, "object_id": "1", "object_repr": "navbar", "action_flag": 2, "change_message": "[{\"changed\": {\"fields\": [\"html\"]}}]"}}, {"model": "admin.logentry", "pk": 118, "fields": {"action_time": "2021-12-06T11:50:57.165Z", "user": 1, "content_type": 45, "object_id": "1", "object_repr": "navbar", "action_flag": 2, "change_message": "[{\"changed\": {\"fields\": [\"html\"]}}]"}}, {"model": "admin.logentry", "pk": 119, "fields": {"action_time": "2021-12-06T11:51:59.463Z", "user": 1, "content_type": 45, "object_id": "1", "object_repr": "navbar", "action_flag": 2, "change_message": "[{\"changed\": {\"fields\": [\"html\"]}}]"}}, {"model": "admin.logentry", "pk": 120, "fields": {"action_time": "2021-12-06T11:52:20.526Z", "user": 1, "content_type": 45, "object_id": "1", "object_repr": "navbar", "action_flag": 2, "change_message": "[{\"changed\": {\"fields\": [\"html\"]}}]"}}, {"model": "admin.logentry", "pk": 121, "fields": {"action_time": "2021-12-06T11:58:54.018Z", "user": 1, "content_type": 2, "object_id": "1", "object_repr": "Home", "action_flag": 2, "change_message": ""}}, {"model": "admin.logentry", "pk": 122, "fields": {"action_time": "2021-12-06T12:07:15.072Z", "user": 1, "content_type": 45, "object_id": "1", "object_repr": "navbar", "action_flag": 2, "change_message": "[{\"changed\": {\"fields\": [\"html\"]}}]"}}, {"model": "admin.logentry", "pk": 123, "fields": {"action_time": "2021-12-06T12:07:36.215Z", "user": 1, "content_type": 45, "object_id": "1", "object_repr": "navbar", "action_flag": 2, "change_message": "[{\"changed\": {\"fields\": [\"html\"]}}]"}}, {"model": "admin.logentry", "pk": 124, "fields": {"action_time": "2021-12-06T12:12:23.752Z", "user": 1, "content_type": 45, "object_id": "1", "object_repr": "navbar", "action_flag": 2, "change_message": "[{\"changed\": {\"fields\": [\"html\"]}}]"}}, {"model": "admin.logentry", "pk": 125, "fields": {"action_time": "2021-12-06T12:13:16.674Z", "user": 1, "content_type": 45, "object_id": "1", "object_repr": "navbar", "action_flag": 2, "change_message": "[{\"changed\": {\"fields\": [\"html\"]}}]"}}, {"model": "admin.logentry", "pk": 126, "fields": {"action_time": "2021-12-06T12:15:37.120Z", "user": 1, "content_type": 45, "object_id": "1", "object_repr": "navbar", "action_flag": 2, "change_message": "[{\"changed\": {\"fields\": [\"html\"]}}]"}}, {"model": "admin.logentry", "pk": 127, "fields": {"action_time": "2021-12-06T12:21:16.782Z", "user": 1, "content_type": 2, "object_id": "1", "object_repr": "Home", "action_flag": 2, "change_message": ""}}, {"model": "admin.logentry", "pk": 128, "fields": {"action_time": "2021-12-06T12:22:43.060Z", "user": 1, "content_type": 17, "object_id": "1", "object_repr": "Footer", "action_flag": 2, "change_message": "[{\"changed\": {\"fields\": [\"site\"]}}]"}}, {"model": "admin.logentry", "pk": 129, "fields": {"action_time": "2021-12-06T12:28:36.311Z", "user": 1, "content_type": 2, "object_id": "1", "object_repr": "Home", "action_flag": 2, "change_message": ""}}, {"model": "admin.logentry", "pk": 130, "fields": {"action_time": "2021-12-06T12:29:18.273Z", "user": 1, "content_type": 2, "object_id": "1", "object_repr": "Home", "action_flag": 2, "change_message": ""}}, {"model": "admin.logentry", "pk": 131, "fields": {"action_time": "2021-12-06T12:30:22.913Z", "user": 1, "content_type": 2, "object_id": "1", "object_repr": "Home", "action_flag": 2, "change_message": ""}}, {"model": "admin.logentry", "pk": 132, "fields": {"action_time": "2021-12-06T12:32:48.156Z", "user": 1, "content_type": 45, "object_id": "1", "object_repr": "navbar", "action_flag": 2, "change_message": "[{\"changed\": {\"fields\": [\"html\"]}}]"}}, {"model": "admin.logentry", "pk": 133, "fields": {"action_time": "2021-12-06T12:35:10.797Z", "user": 1, "content_type": 2, "object_id": "10", "object_repr": "Service", "action_flag": 2, "change_message": ""}}, {"model": "admin.logentry", "pk": 134, "fields": {"action_time": "2021-12-06T12:35:37.675Z", "user": 1, "content_type": 45, "object_id": "1", "object_repr": "navbar", "action_flag": 2, "change_message": "[]"}}, {"model": "admin.logentry", "pk": 135, "fields": {"action_time": "2021-12-06T14:00:45.871Z", "user": 1, "content_type": 2, "object_id": "1", "object_repr": "Home", "action_flag": 2, "change_message": ""}}, {"model": "admin.logentry", "pk": 136, "fields": {"action_time": "2021-12-06T14:05:33.884Z", "user": 1, "content_type": 2, "object_id": "13", "object_repr": "Map", "action_flag": 2, "change_message": ""}}]